Season,Date,HomeTeam,AwayTeam,ResultEncoded,Bet365HomeWinOddsPercentage,Bet365DrawOddsPercentage,Bet365AwayWinOddsPercentage,OddsDifference_HvA,OddsDifference_HvD,OddsDifference_AvD,HomeForm,AwayForm,HomeAdvantageIndex,HomeGeneralForm,AwayGeneralForm,GeneralFormDifference,AverageGoalsScoredAtHome,AverageGoalsScoredAtAway,AverageGoalsConcededAtHome,AverageGoalsConcededAtAway,TotalGoalsScoredHome,TotalGoalsScoredAway,TotalGoalsConcededHome,TotalGoalsConcededAway,WinStreakHome,WinStreakAway,LossStreakHome,LossStreakAway,TotalWinsHome,TotalWinsAway,TotalDrawsHome,TotalDrawsAway,TotalLossesHome,TotalLossesAway,HistoricalEncountersHome,HistoricalEncountersAway,HomeFifaOverall,HomeFifaAttack,HomeFifaMidfield,HomeFifaDefence,AwayFifaOverall,AwayFifaAttack,AwayFifaMidfield,AwayFifaDefence,HFA,HomeElo,AwayElo,EloTierHome,EloTierAway,Predicted,ActualOutcome,PredictedOutcome
2023,12/08/2023,Bournemouth,West Ham,0,0.3505154639175257,0.2783505154639175,0.3711340206185567,-0.0206185567010309,0.0721649484536082,0.0927835051546391,3.0,3.0,0.0,0.0,0.0,0.0,0.0,0.0,0.0,0.0,0,0,0,0,0.0,0.0,0.0,0.0,0.0,0.0,0.0,0.0,0.0,0.0,1,11,75,75,75,74,78,78,79,78,53.17299623205542,1695.07556152,1733.62585449,4,3,1,Draw,Home Win
2023,12/08/2023,Everton,Fulham,-1,0.4322033898305084,0.2796610169491525,0.288135593220339,0.1440677966101694,0.1525423728813559,0.0084745762711864,4.0,6.0,-2.0,0.0,0.0,0.0,0.0,0.0,0.0,0.0,0,0,0,0,0.0,0.0,0.0,0.0,0.0,0.0,0.0,0.0,0.0,0.0,0,8,77,79,77,75,77,76,77,76,53.17299623205542,1773.84375,1589.34887695,3,4,1,Away Win,Home Win
2023,12/08/2023,Sheffield United,Crystal Palace,-1,0.3154977102916365,0.2868161002651241,0.3976861894432393,-0.0821884791516028,0.0286816100265123,0.1108700891781152,6.0,7.0,-1.0,0.0,0.0,0.0,0.0,0.0,0.0,0.0,0,0,0,0,0.0,0.0,0.0,0.0,0.0,0.0,0.0,0.0,0.0,0.0,3,9,73,72,74,72,76,75,76,76,53.17299623205542,1623.74536133,1746.71411133,4,3,1,Away Win,Home Win
2023,13/08/2023,Brentford,Tottenham,0,0.3411487662537115,0.2759291491757961,0.3829220845704924,-0.0417733183167809,0.0652196170779154,0.1069929353946963,10.0,4.0,6.0,0.0,0.0,0.0,0.0,0.0,0.0,0.0,0,0,0,0,0.0,0.0,0.0,0.0,0.0,0.0,0.0,0.0,0.0,0.0,2,8,76,75,76,76,81,81,80,79,57.39613004301111,1544.6817627,1894.99633789,4,2,1,Draw,Home Win
2023,13/08/2023,Chelsea,Liverpool,0,0.3255813953488372,0.2777017783857728,0.3967168262653898,-0.0711354309165526,0.0478796169630643,0.1190150478796169,3.0,11.0,-8.0,0.0,0.0,0.0,0.0,0.0,0.0,0.0,0,0,0,0,0.0,0.0,0.0,0.0,0.0,0.0,0.0,0.0,0.0,0.0,2,16,80,77,81,78,83,84,82,84,57.39613004301111,1887.18469238,2050.40185547,2,1,-1,Draw,Away Win
2023,19/08/2023,Fulham,Brentford,-1,0.3515188335358444,0.287606318347509,0.3608748481166464,-0.0093560145808019,0.0639125151883353,0.0732685297691373,7.0,6.0,1.0,3.0,1.0,2.0,0.0,0.0,0.0,0.0,1,2,0,2,1.0,0.0,0.0,0.0,1.0,0.0,0.0,1.0,0.0,0.0,3,4,77,76,77,76,76,75,76,76,59.035287497745394,1585.2904219400075,1561.556169813217,4,4,0,Away Win,Draw
2023,19/08/2023,Tottenham,Man United,1,0.3384955752212389,0.2632743362831858,0.3982300884955752,-0.0597345132743362,0.0752212389380531,0.1349557522123893,7.0,7.0,0.0,1.0,3.0,-2.0,0.0,0.0,0.0,0.0,2,1,2,0,0.0,1.0,0.0,0.0,0.0,1.0,1.0,0.0,0.0,0.0,2,18,81,81,80,79,82,82,83,80,59.035287497745394,1878.121930776783,1847.7293379957653,2,2,-1,Home Win,Away Win
2023,26/08/2023,Arsenal,Fulham,0,0.7913043478260869,0.1356521739130434,0.0730434782608695,0.7182608695652174,0.6556521739130434,-0.0626086956521738,10.0,6.0,4.0,6.0,3.0,3.0,2.0,1.0,1.0,0.0,3,1,1,3,2.0,0.0,0.0,2.0,2.0,1.0,0.0,0.0,0.0,1.0,4,4,82,82,84,81,77,76,77,76,56.2491899887951,1880.755101904596,1582.9521908737702,2,4,1,Draw,Home Win
2023,26/08/2023,Brentford,Crystal Palace,0,0.4451094071441929,0.2814662427529456,0.2734243501028613,0.1716850570413315,0.1636431643912473,-0.0080418926500842,11.0,7.0,4.0,4.0,3.0,1.0,2.0,1.0,2.0,0.0,5,1,2,1,2.0,0.0,0.0,2.0,1.0,1.0,1.0,0.0,0.0,1.0,2,7,76,75,76,76,76,75,76,76,56.2491899887951,1563.8944008794545,1727.0332837861104,4,3,1,Draw,Home Win
2023,26/08/2023,Brighton,West Ham,-1,0.619757688723206,0.1996272134203169,0.1806150978564771,0.4391425908667288,0.4201304753028891,-0.0190121155638397,10.0,1.0,9.0,6.0,4.0,2.0,4.0,1.0,1.0,1.0,8,4,2,2,2.0,2.0,0.0,0.0,2.0,1.0,0.0,1.0,0.0,0.0,8,6,77,77,77,78,78,78,79,78,56.2491899887951,1638.339794352881,1736.8951074010852,4,3,1,Away Win,Home Win
2023,27/08/2023,Newcastle,Liverpool,-1,0.4310344827586207,0.2528735632183908,0.3160919540229885,0.1149425287356322,0.1781609195402299,0.0632183908045976,10.0,11.0,-1.0,3.0,4.0,-1.0,5.0,1.0,1.0,1.0,5,4,2,2,0.0,2.0,2.0,0.0,1.0,1.0,0.0,1.0,1.0,0.0,1,23,81,79,81,82,83,84,82,84,58.31439241836576,1723.5048849052916,2059.1556340466814,3,1,0,Away Win,Draw
2023,02/09/2023,Sheffield United,Everton,0,0.3276209677419355,0.2923387096774194,0.3800403225806452,-0.0524193548387096,0.0352822580645161,0.0877016129032258,6.0,6.0,0.0,0.0,0.0,0.0,0.5,0.0,1.5,4.0,2,0,5,6,0.0,0.0,3.0,3.0,0.0,0.0,0.0,0.0,3.0,3.0,0,9,73,72,74,72,77,79,77,75,56.49756226246917,1622.4575924560718,1751.5352335588452,4,3,-1,Draw,Away Win
2023,02/09/2023,Brentford,Bournemouth,0,0.5496094879953717,0.2502169511136823,0.2001735608909458,0.3494359271044258,0.2993925368816893,-0.0500433902227364,11.0,6.0,5.0,5.0,1.0,4.0,1.5,1.0,1.5,3.0,6,2,3,6,0.0,0.0,0.0,3.0,1.0,0.0,2.0,1.0,0.0,2.0,3,1,76,75,76,76,75,75,75,74,56.49756226246917,1576.8774077150897,1695.9165668732203,4,4,1,Draw,Home Win
2023,02/09/2023,Burnley,Tottenham,-1,0.2600140548137737,0.2340126493323963,0.5059732958538299,-0.2459592410400561,0.0260014054813774,0.2719606465214335,3.0,7.0,-4.0,0.0,7.0,-7.0,0.5,2.0,3.0,1.0,1,6,6,2,0.0,3.0,2.0,0.0,0.0,2.0,0.0,1.0,2.0,0.0,4,16,74,69,74,73,81,81,80,79,56.49756226246917,1669.6009350316524,1872.6329946293936,4,2,0,Away Win,Draw
2023,02/09/2023,Chelsea,Nott'm Forest,-1,0.6775907883082374,0.2108060230292293,0.1116031886625332,0.5659875996457042,0.466784765279008,-0.0992028343666961,6.0,2.0,4.0,4.0,3.0,1.0,2.0,1.5,0.5,2.5,5,5,4,6,2.0,0.0,0.0,2.0,1.0,1.0,1.0,0.0,1.0,2.0,1,2,80,77,81,78,77,75,77,75,56.49756226246917,1868.3044878677088,1548.6521200251595,2,4,1,Away Win,Home Win
2023,02/09/2023,Brighton,Newcastle,1,0.3790338353217288,0.2493643653432426,0.3716017993350283,0.0074320359867005,0.1296694699784862,0.1222374339917856,7.0,5.0,2.0,6.0,3.0,3.0,2.5,0.0,2.0,1.0,9,6,5,4,0.0,0.0,2.0,3.0,2.0,1.0,0.0,0.0,1.0,2.0,6,11,77,77,77,78,81,79,81,82,56.49756226246917,1649.5514797516937,1730.135391653044,4,3,-1,Home Win,Away Win
2023,03/09/2023,Crystal Palace,Wolves,1,0.4950748900815249,0.2865433454714281,0.2183817644470468,0.2766931256344781,0.2085315446100968,-0.0681615810243813,8.0,3.0,5.0,4.0,3.0,1.0,0.0,0.5,1.0,0.5,2,2,2,5,0.0,2.0,0.0,0.0,1.0,1.0,1.0,0.0,1.0,2.0,10,10,76,75,76,76,76,75,77,76,53.92265364121965,1714.050276950475,1718.0418675797514,3,3,0,Home Win,Draw
2023,16/09/2023,Man United,Brighton,-1,0.4378230465186987,0.2353298875038005,0.3268470659775007,0.1109759805411979,0.2024931590148981,0.0915171784737002,15.0,6.0,9.0,6.0,9.0,-3.0,2.0,4.0,1.0,1.0,5,12,7,6,0.0,2.0,2.0,0.0,2.0,3.0,0.0,0.0,2.0,1.0,9,9,82,82,83,80,77,77,77,78,53.82139594741404,1854.5339144120207,1640.243632124468,2,4,0,Away Win,Draw
2023,17/09/2023,Bournemouth,Chelsea,0,0.2192875590858145,0.2532040348910871,0.5275084060230983,-0.3082208469372838,-0.0339164758052726,0.2743043711320111,4.0,3.0,1.0,2.0,4.0,-2.0,0.5,1.0,1.5,3.0,4,5,8,5,0.0,0.0,0.0,2.0,0.0,1.0,2.0,1.0,2.0,2.0,1,10,75,75,75,74,80,77,81,78,56.60400807752716,1684.1356692464922,1870.3627032244667,4,2,-1,Draw,Away Win
2023,18/09/2023,Nott'm Forest,Burnley,0,0.4337464251668255,0.2726406101048618,0.2936129647283127,0.1401334604385128,0.1611058150619637,0.0209723546234509,12.0,5.0,7.0,6.0,0.0,6.0,2.0,0.0,1.0,0.0,6,3,6,11,2.0,0.0,0.0,3.0,2.0,0.0,0.0,0.0,2.0,3.0,0,0,77,75,77,75,74,69,74,73,54.87157710298496,1546.593904668402,1673.585057607875,4,4,1,Draw,Home Win
2023,23/09/2023,Luton,Wolves,0,0.2912772585669781,0.2784267912772585,0.4302959501557631,-0.139018691588785,0.0128504672897196,0.1518691588785046,0.0,3.0,-3.0,0.0,3.0,-3.0,1.0,1.0,2.0,1.3333333333333333,2,5,10,11,0.0,0.0,4.0,3.0,0.0,1.0,0.0,0.0,4.0,4.0,0,3,72,72,72,72,76,75,77,76,55.49612829705399,1405.486896771167,1716.150271544346,4,3,-1,Draw,Away Win
2023,23/09/2023,Brentford,Everton,-1,0.5256916996047432,0.2490118577075098,0.225296442687747,0.3003952569169961,0.2766798418972332,-0.0237154150197628,9.0,6.0,3.0,6.0,1.0,5.0,1.6666666666666667,1.0,1.6666666666666667,3.0,8,2,6,9,0.0,0.0,2.0,2.0,1.0,0.0,3.0,1.0,1.0,4.0,4,7,76,75,76,76,77,79,77,75,55.49612829705399,1583.9493768573193,1751.598165750323,4,3,1,Away Win,Home Win
2023,24/09/2023,Arsenal,Tottenham,0,0.5645371577574968,0.2177314211212516,0.2177314211212516,0.3468057366362451,0.3468057366362451,0.0,10.0,10.0,0.0,13.0,13.0,0.0,2.333333333333333,3.0,1.3333333333333333,1.3333333333333333,9,13,4,5,3.0,5.0,0.0,0.0,4.0,4.0,1.0,1.0,0.0,0.0,10,10,82,82,84,81,81,81,80,79,58.85236096432472,1898.824507601708,1871.552952628748,2,2,1,Draw,Home Win
2023,24/09/2023,Chelsea,Aston Villa,-1,0.4970265604018067,0.2531521947646535,0.2498212448335396,0.247205315568267,0.2438743656371532,-0.0033309499311138,6.0,4.0,2.0,5.0,9.0,-4.0,1.3333333333333333,1.3333333333333333,0.6666666666666666,3.0,5,11,5,10,0.0,2.0,0.0,0.0,1.0,3.0,2.0,0.0,2.0,2.0,7,8,80,77,81,78,80,82,79,79,58.85236096432472,1876.795830924661,1646.4136661005152,2,4,1,Away Win,Home Win
2023,30/09/2023,Aston Villa,Brighton,1,0.3731343283582089,0.253731343283582,0.3731343283582089,0.0,0.1194029850746268,0.1194029850746268,15.0,9.0,6.0,12.0,12.0,0.0,3.5,3.5,0.5,1.0,12,18,10,8,3.0,4.0,0.0,0.0,4.0,5.0,0.0,0.0,2.0,1.0,9,8,80,82,79,79,77,77,77,78,57.30309605338256,1643.2317409059845,1655.922208291421,4,4,-1,Home Win,Away Win
2023,30/09/2023,Everton,Luton,-1,0.6043404859191113,0.2496880428665801,0.1459714712143084,0.4583690147048028,0.3546524430525311,-0.1037165716522717,3.0,0.0,3.0,4.0,1.0,3.0,0.0,0.3333333333333333,1.0,2.6666666666666665,5,3,10,11,2.0,0.0,0.0,0.0,1.0,0.0,1.0,1.0,4.0,4.0,0,1,77,79,77,75,72,72,72,72,57.30309605338256,1738.477788988877,1401.7445800333026,3,4,1,Away Win,Home Win
2023,30/09/2023,Man United,Crystal Palace,-1,0.6102722850464338,0.2252195337671363,0.1645081811864299,0.4457641038600038,0.3850527512792975,-0.0607113525807063,12.0,5.0,7.0,6.0,5.0,1.0,1.6666666666666667,1.0,1.6666666666666667,1.3333333333333333,7,6,10,7,2.0,0.0,0.0,0.0,3.0,2.0,0.0,2.0,3.0,2.0,6,14,82,82,83,80,76,75,76,76,57.30309605338256,1854.45290164389,1697.3461379973746,2,4,1,Away Win,Home Win
2023,30/09/2023,Wolves,Man City,1,0.1189578067275908,0.1655065137079525,0.7155356795644564,-0.5965778728368655,-0.0465487069803616,0.5500291658565039,7.0,10.0,-3.0,4.0,15.0,-11.0,1.0,2.6666666666666665,3.5,0.6666666666666666,6,16,12,3,0.0,6.0,0.0,0.0,1.0,6.0,1.0,0.0,4.0,0.0,3,21,76,75,77,76,85,87,86,83,57.30309605338256,1719.8925882822105,2053.967283962362,3,1,-1,Home Win,Away Win
2023,30/09/2023,Tottenham,Liverpool,1,0.3253262719878949,0.2358615471912237,0.4388121808208814,-0.1134859088329865,0.0894647247966711,0.2029506336296576,10.0,11.0,-1.0,13.0,15.0,-2.0,2.0,2.0,0.5,1.0,15,15,7,5,0.0,6.0,0.0,0.0,4.0,5.0,2.0,1.0,0.0,0.0,1,23,81,81,80,79,83,84,82,84,57.30309605338256,1863.982243488721,2059.015573022866,2,1,-1,Home Win,Away Win
2023,02/10/2023,Fulham,Chelsea,-1,0.2642238998342847,0.2717731541152642,0.4640029460504511,-0.1997790462161665,-0.0075492542809795,0.1922297919351869,7.0,4.0,3.0,5.0,4.0,1.0,0.5,0.5,1.5,1.5,5,5,10,6,0.0,0.0,0.0,2.0,2.0,1.0,2.0,2.0,2.0,3.0,3,10,77,76,77,76,80,77,81,78,53.35333382727647,1588.654454271409,1879.977756119192,4,2,1,Away Win,Home Win
2023,03/10/2023,Luton,Burnley,-1,0.3258041871412644,0.3149440475698888,0.3592517652888466,-0.0334475781475822,0.0108601395713755,0.0443077177189578,1.0,5.0,-4.0,4.0,1.0,3.0,1.0,0.5,1.5,1.5,5,4,12,15,2.0,0.0,0.0,3.0,1.0,0.0,1.0,1.0,4.0,5.0,0,1,72,72,72,72,74,69,74,73,54.54937140055876,1399.8688522395685,1649.309197013608,4,4,0,Away Win,Draw
2023,08/10/2023,Brighton,Liverpool,0,0.3171471927162367,0.2503793626707132,0.4324734446130501,-0.1153262518968133,0.0667678300455235,0.1820940819423369,10.0,8.0,2.0,9.0,12.0,-3.0,2.75,1.75,1.5,1.25,19,16,14,7,0.0,0.0,2.0,2.0,5.0,5.0,0.0,1.0,2.0,1.0,4,15,77,77,77,78,83,84,82,84,56.75200901378932,1667.1992520486358,2065.246761338216,4,1,-1,Draw,Away Win
2023,08/10/2023,West Ham,Newcastle,0,0.2961082910321489,0.2526790750141003,0.4512126339537506,-0.1551043429216017,0.0434292160180485,0.1985335589396503,12.0,5.0,7.0,9.0,9.0,0.0,2.0,3.0,1.3333333333333333,1.3333333333333333,13,18,10,7,2.0,4.0,0.0,0.0,4.0,4.0,1.0,0.0,2.0,3.0,1,18,78,78,79,78,81,79,81,82,56.75200901378932,1729.2498144717931,1757.893837506257,3,3,-1,Draw,Away Win
2023,08/10/2023,Wolves,Aston Villa,0,0.2705570291777188,0.2785145888594165,0.4509283819628648,-0.1803713527851459,-0.0079575596816976,0.1724137931034483,7.0,7.0,0.0,7.0,12.0,-5.0,1.3333333333333333,1.25,2.6666666666666665,2.25,8,18,13,11,2.0,4.0,0.0,0.0,2.0,5.0,1.0,0.0,4.0,2.0,9,8,76,75,77,76,80,82,79,79,56.75200901378932,1716.5139764876055,1631.9546971487696,3,4,-1,Draw,Away Win
2023,21/10/2023,Bournemouth,Wolves,-1,0.4010695187165775,0.2807486631016043,0.3181818181818181,0.0828877005347594,0.1203208556149732,0.0374331550802138,2.0,4.0,-2.0,2.0,5.0,-3.0,0.25,1.0,1.75,1.25,5,9,18,14,0.0,0.0,4.0,0.0,0.0,2.0,3.0,2.0,5.0,4.0,1,7,75,75,75,74,76,75,77,76,55.65572591459139,1656.9868420999792,1702.6570792017926,4,3,0,Away Win,Draw
2023,21/10/2023,Nott'm Forest,Luton,0,0.5717651950932151,0.2546261002148451,0.1736087046919398,0.3981564904012752,0.31713909487837,-0.0810173955229052,11.0,3.0,8.0,6.0,4.0,2.0,1.3333333333333333,0.75,1.0,2.25,8,6,10,15,0.0,0.0,0.0,3.0,2.0,1.0,3.0,1.0,3.0,6.0,0,1,77,75,77,75,72,72,72,72,55.65572591459139,1562.4731595404724,1403.0851565299831,4,4,1,Draw,Home Win
2023,21/10/2023,Chelsea,Arsenal,0,0.2973183054799844,0.2798289933929265,0.4228527011270889,-0.1255343956471045,0.0174893120870578,0.1430237077341624,5.0,12.0,-7.0,7.0,13.0,-6.0,1.0,2.0,0.75,0.0,11,16,7,6,3.0,3.0,0.0,0.0,3.0,6.0,2.0,2.0,3.0,0.0,1,19,80,77,81,78,82,82,84,81,55.65572591459139,1869.688348611508,1924.1262623768027,2,1,-1,Draw,Away Win
2023,28/10/2023,Chelsea,Brentford,-1,0.5791106514994829,0.2388831437435367,0.1820062047569803,0.3971044467425026,0.3402275077559462,-0.0568769389865563,5.0,7.0,-2.0,8.0,4.0,4.0,1.2,1.25,1.0,1.0,13,14,9,12,0.0,2.0,0.0,0.0,3.0,2.0,3.0,4.0,3.0,3.0,0,8,80,77,81,78,76,75,76,76,56.0620402778547,1859.6532973037924,1604.4069205076153,2,4,1,Away Win,Home Win
2023,28/10/2023,Bournemouth,Burnley,1,0.4413450515857852,0.2711119602598395,0.2875429881543752,0.15380206343141,0.1702330913259457,0.0164310278945357,2.0,5.0,-3.0,1.0,3.0,-2.0,0.4,0.75,1.8,1.75,6,7,20,23,0.0,0.0,5.0,3.0,0.0,1.0,3.0,1.0,6.0,7.0,0,6,75,75,75,74,74,69,74,73,56.0620402778547,1656.6995157368906,1628.9052914875576,4,4,0,Home Win,Draw
2023,28/10/2023,Wolves,Newcastle,0,0.2247191011235955,0.2359550561797752,0.5393258426966292,-0.3146067415730337,-0.0112359550561797,0.3033707865168539,5.0,5.0,0.0,8.0,13.0,-5.0,1.25,2.75,2.25,1.5,11,24,15,9,2.0,2.0,0.0,0.0,3.0,5.0,2.0,1.0,4.0,3.0,6,14,76,75,77,76,81,79,81,82,56.0620402778547,1702.9444055648812,1774.960728441513,3,3,-1,Draw,Away Win
2023,29/10/2023,West Ham,Everton,-1,0.4413450515857852,0.2711119602598395,0.2875429881543752,0.15380206343141,0.1702330913259457,0.0164310278945357,10.0,5.0,5.0,4.0,6.0,-2.0,2.0,1.25,1.5,2.25,16,9,16,14,0.0,0.0,2.0,2.0,4.0,2.0,2.0,1.0,3.0,6.0,7,10,78,78,79,78,77,79,77,75,56.2813103847569,1708.0109640011103,1744.592817067452,3,3,0,Away Win,Draw
2023,29/10/2023,Brighton,Fulham,0,0.6057427559984266,0.2235479218565622,0.1707093221450111,0.4350334338534155,0.3821948341418644,-0.052838599711551,10.0,5.0,5.0,7.0,7.0,0.0,2.6,0.8,1.6,1.8,22,8,18,15,0.0,0.0,2.0,2.0,5.0,3.0,1.0,2.0,3.0,4.0,1,11,77,77,77,78,77,76,77,76,56.2813103847569,1663.2345535321765,1609.82592092591,4,4,1,Draw,Home Win
2023,29/10/2023,Man United,Man City,-1,0.1883309591642925,0.2478038936372269,0.5638651471984806,-0.375534188034188,-0.0594729344729344,0.3160612535612536,9.0,9.0,0.0,9.0,9.0,0.0,1.4,1.8,1.4,1.0,11,19,13,7,3.0,2.0,0.0,0.0,5.0,7.0,0.0,0.0,4.0,2.0,7,13,82,82,83,80,85,87,86,83,56.2813103847569,1866.182853995979,2046.344985672748,2,1,1,Away Win,Home Win
2023,04/11/2023,Fulham,Man United,-1,0.2990936555891239,0.2658610271903323,0.4350453172205438,-0.1359516616314199,0.0332326283987915,0.1691842900302114,7.0,9.0,-2.0,5.0,9.0,-4.0,1.0,1.0,1.5,1.5,9,11,16,16,0.0,0.0,0.0,2.0,3.0,5.0,3.0,0.0,4.0,5.0,0,10,77,76,77,76,82,82,83,80,56.83006461192996,1602.882175898752,1879.604637361908,4,2,1,Away Win,Home Win
2023,04/11/2023,Everton,Brighton,0,0.3057915057915057,0.2633204633204633,0.4308880308880308,-0.125096525096525,0.0424710424710424,0.1675675675675675,3.0,6.0,-3.0,9.0,5.0,4.0,0.8,2.25,1.0,2.5,10,23,14,19,2.0,0.0,0.0,0.0,3.0,5.0,1.0,2.0,6.0,3.0,6,11,77,79,77,75,77,77,77,78,56.83006461192996,1745.1592062060718,1670.1782985593345,3,4,-1,Draw,Away Win
2023,04/11/2023,Sheffield United,Wolves,1,0.2508960573476702,0.2724014336917562,0.4767025089605735,-0.2258064516129032,-0.021505376344086,0.2043010752688172,1.0,7.0,-6.0,0.0,9.0,-9.0,0.8,1.2,3.0,1.2,7,13,29,17,0.0,0.0,7.0,0.0,0.0,3.0,1.0,3.0,9.0,4.0,3,10,73,72,74,72,76,75,77,76,56.83006461192996,1583.9858948465535,1693.4032842369727,4,4,-1,Home Win,Away Win
2023,04/11/2023,Newcastle,Arsenal,1,0.3387622149837133,0.2964169381107491,0.3648208469055374,-0.026058631921824,0.0423452768729641,0.0684039087947882,12.0,10.0,2.0,11.0,11.0,0.0,2.6,2.0,0.6,0.5,26,23,11,8,0.0,2.0,0.0,0.0,5.0,7.0,2.0,3.0,3.0,0.0,3,22,81,79,81,82,82,82,84,81,56.83006461192996,1784.5018497694216,1935.9374908400289,3,1,-1,Home Win,Away Win
2023,05/11/2023,Nott'm Forest,Aston Villa,1,0.2277764097512928,0.255109578921448,0.5171140113272593,-0.2893376015759665,-0.0273331691701551,0.2620044324058113,9.0,7.0,2.0,3.0,13.0,-10.0,1.5,1.2,1.25,2.0,10,26,15,14,0.0,3.0,2.0,0.0,2.0,7.0,4.0,1.0,4.0,2.0,1,7,77,75,77,75,80,82,79,79,56.68048392359238,1566.199543993878,1659.0628328084645,4,4,-1,Home Win,Away Win
2023,05/11/2023,Luton,Liverpool,0,0.0788505518544297,0.1455702495774087,0.7755791985681615,-0.6967286467137317,-0.066719697722979,0.6300089489907528,1.0,8.0,-7.0,4.0,10.0,-6.0,0.75,1.8,1.5,1.4,9,23,20,9,0.0,3.0,2.0,0.0,1.0,7.0,2.0,2.0,7.0,1.0,0,3,72,72,72,72,83,84,82,84,56.68048392359238,1395.7694508666714,2070.527924100252,4,1,-1,Draw,Away Win
2023,06/11/2023,Tottenham,Chelsea,-1,0.4751131221719458,0.2533936651583711,0.2714932126696833,0.2036199095022625,0.2217194570135747,0.0180995475113122,12.0,7.0,5.0,13.0,7.0,6.0,2.0,1.75,0.5,1.0,22,13,9,11,5.0,0.0,0.0,2.0,8.0,3.0,2.0,3.0,0.0,4.0,3,20,81,81,80,79,80,77,81,78,55.12165614431009,1869.1269497731728,1862.509764720619,2,2,1,Away Win,Home Win
2023,11/11/2023,Wolves,Tottenham,1,0.3090466379471811,0.2554785540363364,0.4354748080164825,-0.1264281700693014,0.0535680839108447,0.1799962539801461,5.0,13.0,-8.0,8.0,12.0,-4.0,1.4,2.333333333333333,2.2,1.1666666666666667,14,23,19,13,0.0,0.0,2.0,2.0,3.0,8.0,3.0,2.0,5.0,1.0,4,13,76,75,77,76,81,81,80,79,54.96882377767444,1701.9011528512758,1877.3684336798592,3,2,-1,Home Win,Away Win
2023,11/11/2023,Crystal Palace,Everton,-1,0.3872529245663574,0.2964905203711174,0.3162565550625252,0.0709963695038322,0.09076240419524,0.0197660346914078,5.0,7.0,-2.0,7.0,7.0,0.0,0.8,1.2,1.0,1.8,10,11,13,15,2.0,0.0,0.0,0.0,4.0,3.0,3.0,2.0,4.0,6.0,5,16,76,75,76,76,77,79,77,75,54.96882377767444,1685.3331845253128,1731.5374955875002,4,3,1,Away Win,Home Win
2023,11/11/2023,Bournemouth,Newcastle,1,0.2027096301720981,0.2407176858293665,0.5565726839985353,-0.3538630538264372,-0.0380080556572684,0.3158549981691688,4.0,5.0,-1.0,3.0,11.0,-8.0,0.6666666666666666,2.6,1.6666666666666667,1.6,9,27,27,11,0.0,2.0,2.0,0.0,1.0,6.0,3.0,2.0,7.0,3.0,1,9,75,75,75,74,81,79,81,82,54.96882377767444,1652.8236458031722,1777.1594563426013,4,3,-1,Home Win,Away Win
2023,12/11/2023,Brighton,Sheffield United,0,0.7612985359643539,0.1654996817313812,0.0732017823042648,0.6880967536600892,0.5957988542329726,-0.0922978994271164,8.0,0.0,8.0,3.0,3.0,0.0,2.333333333333333,0.6,1.5,2.8,24,9,20,30,0.0,2.0,0.0,0.0,5.0,1.0,3.0,1.0,3.0,9.0,1,8,77,77,77,78,73,72,74,72,57.19842431691577,1683.8000091779058,1575.4880262322504,4,4,1,Draw,Home Win
2023,12/11/2023,Chelsea,Man City,0,0.1907841793091115,0.2578164585258263,0.5513993621650621,-0.3606151828559506,-0.0670322792167147,0.2935829036392358,4.0,9.0,-5.0,10.0,9.0,1.0,1.0,2.0,1.1666666666666667,0.8333333333333334,17,28,12,8,2.0,4.0,0.0,0.0,4.0,9.0,3.0,0.0,4.0,2.0,3,19,80,77,81,78,85,87,86,83,57.19842431691577,1854.2682808139325,2034.431294517712,2,1,-1,Draw,Away Win
2023,25/11/2023,Man City,Liverpool,0,0.5483028720626633,0.2258485639686684,0.2258485639686684,0.3224543080939949,0.3224543080939949,0.0,15.0,8.0,7.0,10.0,11.0,-1.0,3.2,1.6666666666666667,0.6,1.3333333333333333,32,27,12,10,0.0,2.0,0.0,0.0,9.0,8.0,1.0,3.0,2.0,1.0,8,10,85,87,86,83,83,84,82,84,58.45188693956405,2041.0328156937444,2072.061364335509,1,1,1,Draw,Home Win
2023,25/11/2023,Luton,Crystal Palace,1,0.2627986348122866,0.2866894197952218,0.4505119453924914,-0.1877133105802047,-0.0238907849829351,0.1638225255972695,2.0,7.0,-5.0,2.0,4.0,-2.0,0.8,1.0,1.4,1.3333333333333333,10,12,22,16,0.0,0.0,2.0,2.0,1.0,4.0,3.0,3.0,8.0,5.0,0,1,72,72,72,72,76,75,76,76,58.45188693956405,1394.2802316131238,1695.0809750681406,4,4,-1,Home Win,Away Win
2023,25/11/2023,Newcastle,Chelsea,1,0.3706238801763534,0.2700259698427717,0.3593501499808749,0.0112737301954784,0.1005979103335816,0.0893241801381032,12.0,10.0,2.0,8.0,8.0,0.0,2.333333333333333,2.2,0.5,1.0,27,21,13,16,0.0,0.0,2.0,0.0,6.0,4.0,2.0,4.0,4.0,4.0,6,19,81,79,81,82,80,77,81,78,58.45188693956405,1785.189026297295,1847.6667596379,3,2,-1,Home Win,Away Win
2023,26/11/2023,Everton,Man United,-1,0.3505154639175257,0.2783505154639175,0.3711340206185567,-0.0206185567010309,0.0721649484536082,0.0927835051546391,4.0,9.0,-5.0,10.0,12.0,-2.0,0.8333333333333334,1.0,1.0,1.2,14,13,17,16,2.0,3.0,0.0,0.0,4.0,7.0,2.0,0.0,6.0,5.0,4,16,77,79,77,75,82,82,83,80,56.64670301054417,1721.7897050446725,1864.9392340997613,3,2,1,Away Win,Home Win
2023,27/11/2023,Fulham,Wolves,1,0.3976861894432393,0.2868161002651241,0.3154977102916365,0.0821884791516028,0.1108700891781152,0.0286816100265123,6.0,7.0,-1.0,4.0,8.0,-4.0,0.8,1.1666666666666667,1.4,1.3333333333333333,10,16,20,20,0.0,2.0,3.0,0.0,3.0,4.0,3.0,3.0,6.0,5.0,1,11,77,76,77,76,76,75,77,76,56.34685529742787,1611.461748500339,1695.236697986765,4,4,-1,Home Win,Away Win
2023,03/12/2023,Bournemouth,Aston Villa,0,0.2782732786300392,0.2365322868355333,0.4851944345344273,-0.2069211559043881,0.0417409917945059,0.248662147698894,7.0,7.0,0.0,9.0,12.0,-3.0,0.8571428571428571,1.1428571428571428,1.4285714285714286,1.8571428571428568,14,31,28,18,3.0,3.0,0.0,0.0,3.0,9.0,3.0,1.0,7.0,3.0,6,6,75,75,75,74,80,82,79,79,60.66973392779939,1654.321799211361,1691.4835708156932,4,4,-1,Draw,Away Win
2023,03/12/2023,Man City,Tottenham,0,0.7361963190184049,0.158282208588957,0.105521472392638,0.6306748466257668,0.5779141104294478,-0.052760736196319,13.0,10.0,3.0,11.0,6.0,5.0,2.833333333333333,2.142857142857143,0.6666666666666666,1.2857142857142858,33,25,13,17,0.0,0.0,0.0,4.0,9.0,8.0,2.0,2.0,2.0,3.0,7,16,85,87,86,83,81,81,80,79,60.66973392779939,2050.2451436375686,1867.5953685960696,1,2,1,Draw,Home Win
2023,06/12/2023,Aston Villa,Man City,1,0.2030427982368832,0.229631736101237,0.5673254656618798,-0.3642826674249965,-0.0265889378643537,0.3376937295606428,15.0,7.0,8.0,10.0,9.0,1.0,3.8333333333333335,2.2857142857142856,0.8333333333333334,1.2857142857142858,33,36,20,16,0.0,0.0,0.0,0.0,9.0,9.0,2.0,3.0,3.0,2.0,1,25,80,82,79,79,85,87,86,83,59.90281888686663,1702.1591537225866,2054.199372641331,3,1,-1,Home Win,Away Win
2023,07/12/2023,Everton,Newcastle,1,0.2903225806451613,0.2903225806451613,0.4193548387096774,-0.129032258064516,0.0,0.129032258064516,4.0,5.0,-1.0,10.0,10.0,0.0,0.7142857142857143,2.1666666666666665,1.2857142857142858,1.6666666666666667,15,32,20,14,2.0,3.0,0.0,0.0,5.0,8.0,2.0,2.0,7.0,4.0,4,17,77,79,77,75,81,79,81,82,60.190073410312166,1740.613814955411,1785.8539991806433,3,3,-1,Home Win,Away Win
2023,07/12/2023,Tottenham,West Ham,-1,0.5454545454545454,0.2272727272727272,0.2272727272727272,0.3181818181818182,0.3181818181818182,0.0,9.0,6.0,3.0,4.0,7.0,-3.0,1.6666666666666667,1.7142857142857142,1.3333333333333333,2.0,28,24,20,24,0.0,0.0,0.0,0.0,8.0,6.0,3.0,3.0,3.0,5.0,10,9,81,81,80,79,78,78,79,78,60.190073410312166,1863.6411395923076,1708.2126437304155,2,3,1,Away Win,Home Win
2023,09/12/2023,Brighton,Burnley,0,0.638655462184874,0.2016806722689075,0.1596638655462185,0.4789915966386555,0.4369747899159664,-0.042016806722689,9.0,3.0,6.0,8.0,3.0,5.0,2.125,0.7142857142857143,1.375,1.8571428571428568,32,15,27,33,2.0,0.0,0.0,2.0,7.0,2.0,4.0,1.0,4.0,12.0,2,7,77,77,77,78,74,69,74,73,60.20455844508622,1698.924515047798,1610.4700566105073,4,4,1,Draw,Home Win
2023,09/12/2023,Man United,Bournemouth,-1,0.6144269091716742,0.219944967486396,0.1656281233419295,0.4487987858297446,0.3944819416852781,-0.0543168441444665,9.0,6.0,3.0,12.0,10.0,2.0,1.25,1.4285714285714286,1.375,2.571428571428572,18,18,18,30,2.0,2.0,0.0,0.0,9.0,4.0,0.0,4.0,6.0,7.0,6,4,82,82,83,80,75,75,75,74,60.20455844508622,1850.806438373536,1656.9009589470836,2,4,1,Away Win,Home Win
2023,09/12/2023,Sheffield United,Brentford,1,0.2219626168224299,0.2453271028037383,0.5327102803738317,-0.3107476635514018,-0.0233644859813084,0.2873831775700934,3.0,4.0,-1.0,4.0,6.0,-2.0,0.875,1.1428571428571428,2.625,1.2857142857142858,11,23,41,21,0.0,0.0,4.0,2.0,1.0,5.0,2.0,4.0,12.0,6.0,0,3,73,72,74,72,76,75,76,76,60.20455844508622,1551.9942994263192,1605.7927941823375,4,4,-1,Home Win,Away Win
2023,09/12/2023,Wolves,Nott'm Forest,0,0.5151610291323099,0.2647355288596593,0.2201034420080307,0.2950575871242791,0.2504255002726506,-0.0446320868516285,11.0,1.0,10.0,6.0,3.0,3.0,1.4285714285714286,0.75,1.7142857142857142,2.25,20,16,25,27,2.0,0.0,0.0,5.0,5.0,3.0,3.0,4.0,7.0,8.0,3,2,76,75,77,76,77,75,77,75,60.20455844508622,1707.5306916673726,1531.5865025616197,3,4,1,Draw,Home Win
2023,09/12/2023,Aston Villa,Arsenal,1,0.2866894197952218,0.2627986348122866,0.4505119453924914,-0.1638225255972695,0.0238907849829351,0.1877133105802047,15.0,10.0,5.0,10.0,12.0,-2.0,3.4285714285714284,1.8571428571428568,0.7142857142857143,0.8571428571428571,34,33,20,14,2.0,5.0,0.0,0.0,10.0,11.0,2.0,3.0,3.0,1.0,6,15,80,82,79,79,82,82,84,81,60.20455844508622,1699.021685833734,1952.753537455048,4,1,-1,Home Win,Away Win
2023,10/12/2023,Everton,Chelsea,1,0.306420233463035,0.2714007782101167,0.4221789883268482,-0.1157587548638132,0.0350194552529182,0.1507782101167315,7.0,9.0,-2.0,10.0,7.0,3.0,1.0,1.8571428571428568,1.125,1.5714285714285714,18,26,20,24,3.0,0.0,0.0,2.0,6.0,5.0,2.0,4.0,7.0,6.0,9,14,77,79,77,75,80,77,81,78,58.865280363308734,1730.1837879234845,1853.071197450664,3,2,0,Home Win,Draw
2023,10/12/2023,Tottenham,Newcastle,1,0.4426075521322562,0.250422693969566,0.3069697538981777,0.1356377982340785,0.1921848581626902,0.0565470599286117,6.0,5.0,1.0,1.0,9.0,-8.0,1.5714285714285714,1.8571428571428568,1.4285714285714286,1.8571428571428568,29,32,22,17,0.0,0.0,2.0,2.0,8.0,8.0,3.0,2.0,4.0,5.0,4,14,81,81,80,79,81,79,81,82,58.865280363308734,1868.125682241877,1796.28402621257,2,3,-1,Home Win,Away Win
2023,16/12/2023,Man City,Crystal Palace,0,0.8075788165864264,0.1191178754464978,0.0733033079670756,0.7342755086193508,0.6884609411399285,-0.0458145674794222,11.0,7.0,4.0,6.0,1.0,5.0,2.857142857142857,1.0,1.0,1.375,38,15,18,23,2.0,0.0,0.0,3.0,10.0,4.0,3.0,4.0,3.0,8.0,7,5,85,87,86,83,76,75,76,76,56.45664401499414,2057.9082955133367,1685.062593020207,1,4,1,Draw,Home Win
2023,17/12/2023,Liverpool,Man United,0,0.7250755287009064,0.1570996978851964,0.1178247734138973,0.6072507552870091,0.56797583081571,-0.0392749244712991,15.0,12.0,3.0,13.0,9.0,4.0,3.0,1.1428571428571428,0.7142857142857143,1.0,36,18,15,21,4.0,0.0,0.0,2.0,11.0,9.0,4.0,0.0,1.0,7.0,10,6,83,84,82,84,82,82,83,80,56.98070673803912,2067.9634953225977,1854.567303748144,1,2,1,Draw,Home Win
2023,21/12/2023,Crystal Palace,Brighton,0,0.2828947368421052,0.2828947368421052,0.4342105263157894,-0.1513157894736841,0.0,0.1513157894736841,1.0,4.0,-3.0,2.0,7.0,-5.0,0.875,1.875,1.5,2.25,17,33,25,30,0.0,0.0,0.0,2.0,4.0,7.0,5.0,5.0,8.0,5.0,4,11,76,75,76,76,77,77,77,78,56.79071395542528,1683.5046436377015,1702.0111053576904,4,3,1,Draw,Home Win
2023,22/12/2023,Aston Villa,Sheffield United,0,0.7755791985681615,0.1455702495774087,0.0788505518544297,0.6967286467137317,0.6300089489907528,-0.066719697722979,15.0,1.0,14.0,13.0,3.0,10.0,3.125,0.5,0.625,2.75,37,12,21,43,4.0,0.0,0.0,2.0,12.0,2.0,2.0,2.0,3.0,13.0,4,7,80,82,79,79,73,72,74,72,57.45840362287139,1703.4721132281534,1539.6401520211678,3,4,1,Draw,Home Win
2023,23/12/2023,Fulham,Burnley,-1,0.5670771224886585,0.2525383452149492,0.1803845322963923,0.3866925901922662,0.3145387772737092,-0.0721538129185569,12.0,1.0,11.0,9.0,4.0,5.0,2.125,0.75,1.125,1.75,26,16,29,36,0.0,0.0,2.0,2.0,6.0,2.0,3.0,2.0,8.0,13.0,0,5,77,76,77,76,74,69,74,73,59.10278962394565,1615.080912523419,1596.522269526689,4,4,1,Away Win,Home Win
2023,23/12/2023,Luton,Newcastle,1,0.1996111471160077,0.2257507020954849,0.5746381507885073,-0.3750270036724995,-0.0261395549794772,0.3488874486930223,4.0,2.0,2.0,3.0,9.0,-6.0,1.25,1.75,1.75,2.125,17,36,32,21,0.0,2.0,4.0,0.0,2.0,9.0,3.0,2.0,11.0,6.0,0,1,72,72,72,72,81,79,81,82,59.10278962394565,1385.3168036644422,1813.7588206009807,4,2,-1,Home Win,Away Win
2023,23/12/2023,Liverpool,Arsenal,0,0.3982300884955752,0.2632743362831858,0.3384955752212389,0.0597345132743362,0.1349557522123893,0.0752212389380531,13.0,7.0,6.0,11.0,12.0,-1.0,2.625,1.625,0.625,0.875,36,35,15,15,0.0,2.0,0.0,0.0,11.0,12.0,5.0,3.0,1.0,2.0,10,10,83,84,82,84,82,82,84,81,59.10278962394565,2071.446730112988,1960.573904746148,1,1,1,Draw,Home Win
2023,24/12/2023,Wolves,Chelsea,1,0.2523117569352708,0.2523117569352708,0.4953764861294584,-0.2430647291941876,0.0,0.2430647291941876,9.0,6.0,3.0,4.0,6.0,-2.0,1.375,1.625,1.625,1.625,21,28,29,26,0.0,2.0,2.0,0.0,5.0,6.0,4.0,4.0,8.0,7.0,7,12,76,75,77,76,80,77,81,78,59.42630918457135,1702.707791169466,1853.4188566979185,3,2,-1,Home Win,Away Win
2023,26/12/2023,Newcastle,Nott'm Forest,-1,0.6221653026800774,0.215530705316424,0.1623039920034984,0.459861310676579,0.4066345973636533,-0.0532267133129255,15.0,2.0,13.0,6.0,1.0,5.0,2.4444444444444446,0.7777777777777778,0.4444444444444444,2.111111111111111,36,19,22,33,0.0,0.0,2.0,3.0,9.0,3.0,2.0,5.0,7.0,10.0,3,0,81,79,81,82,77,75,77,75,58.868950655400894,1815.8905604280876,1516.0039497261391,2,4,1,Away Win,Home Win
2023,26/12/2023,Bournemouth,Fulham,1,0.4407039020657995,0.2631981637337414,0.296097934200459,0.1446059678653404,0.1775057383320581,0.0328997704667176,7.0,1.0,6.0,13.0,6.0,7.0,1.0,1.0,1.5,2.2222222222222223,24,26,32,31,4.0,0.0,0.0,3.0,6.0,6.0,4.0,3.0,7.0,9.0,3,4,75,75,75,74,77,76,77,76,58.868950655400894,1661.1515523491566,1622.8821357228096,4,4,-1,Home Win,Away Win
2023,26/12/2023,Sheffield United,Luton,-1,0.4100200400801603,0.2857715430861723,0.3042084168336673,0.105811623246493,0.1242484969939879,0.0184368737474949,6.0,4.0,2.0,4.0,6.0,-2.0,0.8888888888888888,0.875,2.333333333333333,2.25,13,18,44,32,0.0,2.0,0.0,0.0,2.0,3.0,3.0,3.0,13.0,11.0,0,0,73,72,74,72,72,72,72,72,58.868950655400894,1535.2681729674512,1383.1850638373355,4,4,1,Away Win,Home Win
2023,26/12/2023,Man United,Aston Villa,1,0.3645833333333333,0.2708333333333333,0.3645833333333333,0.0,0.09375,0.09375,9.0,8.0,1.0,4.0,11.0,-7.0,1.1111111111111112,1.3333333333333333,1.5555555555555556,1.7777777777777777,18,38,23,22,0.0,0.0,2.0,0.0,9.0,12.0,1.0,3.0,8.0,3.0,7,8,82,82,83,80,80,82,79,79,58.868950655400894,1838.5392282595665,1707.84409228187,2,3,-1,Home Win,Away Win
2023,27/12/2023,Brentford,Wolves,-1,0.4946996466431095,0.2756183745583038,0.2296819787985865,0.265017667844523,0.2190812720848057,-0.0459363957597173,9.0,3.0,6.0,3.0,7.0,-4.0,1.7777777777777777,1.1111111111111112,1.5555555555555556,1.7777777777777777,24,23,24,30,0.0,2.0,4.0,0.0,5.0,6.0,4.0,4.0,8.0,8.0,1,7,76,75,76,76,76,75,77,76,58.939988168685865,1606.5843303823335,1695.27634411386,4,4,1,Away Win,Home Win
2023,28/12/2023,Brighton,Tottenham,1,0.3765084473049075,0.2614641995172969,0.3620273531777956,0.0144810941271119,0.1150442477876106,0.1005631536604987,7.0,10.0,-3.0,5.0,10.0,-5.0,2.0,2.2222222222222223,1.3333333333333333,1.3333333333333333,34,37,31,24,0.0,4.0,0.0,0.0,7.0,11.0,6.0,3.0,5.0,4.0,6,18,77,77,77,78,81,81,80,79,59.80613106812966,1693.108576458409,1863.317841295848,4,2,0,Home Win,Draw
2023,28/12/2023,Arsenal,West Ham,-1,0.7046463956269218,0.1703963102152374,0.1249572941578407,0.579689101469081,0.5342500854116843,-0.0454390160573966,15.0,6.0,9.0,10.0,10.0,0.0,2.4444444444444446,1.5555555555555556,0.8888888888888888,2.2222222222222223,36,31,16,30,0.0,3.0,0.0,0.0,12.0,9.0,4.0,3.0,2.0,6.0,12,2,82,82,84,81,78,78,79,78,59.80613106812966,1955.1099487644003,1714.1228308854174,1,3,1,Away Win,Home Win
2023,30/12/2023,Crystal Palace,Brentford,1,0.4322033898305084,0.288135593220339,0.2796610169491525,0.1525423728813559,0.1440677966101694,-0.0084745762711864,1.0,3.0,-2.0,2.0,3.0,-1.0,0.8888888888888888,1.0,1.4444444444444444,1.25,19,25,28,28,0.0,0.0,2.0,5.0,4.0,5.0,6.0,4.0,9.0,9.0,2,5,76,75,76,76,76,75,76,76,59.67934290787213,1688.1538282843194,1617.4385754610985,4,4,0,Home Win,Draw
2023,30/12/2023,Wolves,Everton,1,0.3608748481166464,0.287606318347509,0.3515188335358444,0.0093560145808019,0.0732685297691373,0.0639125151883353,11.0,12.0,-1.0,10.0,9.0,1.0,1.4444444444444444,1.4444444444444444,1.5555555555555556,1.4444444444444444,27,24,31,25,3.0,0.0,0.0,3.0,7.0,8.0,4.0,2.0,8.0,9.0,7,10,76,75,77,76,77,79,77,75,59.67934290787213,1684.4220990350952,1731.1281723800869,4,3,-1,Home Win,Away Win
2023,30/12/2023,Nott'm Forest,Man United,1,0.296097934200459,0.2631981637337414,0.4407039020657995,-0.1446059678653404,0.0328997704667176,0.1775057383320581,3.0,7.0,-4.0,4.0,7.0,-3.0,1.3333333333333333,0.8888888888888888,1.5555555555555556,1.0,22,21,34,25,2.0,2.0,0.0,0.0,4.0,10.0,5.0,1.0,10.0,8.0,0,9,77,75,77,75,82,82,83,80,59.67934290787213,1513.7533660120505,1823.5670058097148,4,2,-1,Home Win,Away Win
2023,31/12/2023,Fulham,Arsenal,1,0.1800580832526621,0.2100677637947725,0.6098741529525653,-0.4298160696999031,-0.0300096805421103,0.3998063891577927,9.0,7.0,2.0,6.0,7.0,-1.0,1.8888888888888888,1.5555555555555556,1.2222222222222223,0.8888888888888888,26,36,34,18,0.0,0.0,4.0,2.0,6.0,12.0,3.0,4.0,10.0,3.0,0,11,77,76,77,76,82,82,84,81,58.64501810353342,1635.6073608704032,1958.1178519372504,4,1,-1,Home Win,Away Win
2023,02/01/2024,West Ham,Brighton,0,0.3930443068127679,0.2567889471176751,0.3501667460695569,0.0428775607432109,0.1362553596950928,0.0933777989518818,10.0,5.0,5.0,12.0,8.0,4.0,1.8888888888888888,1.7777777777777777,1.1111111111111112,2.111111111111111,33,38,30,33,4.0,2.0,0.0,0.0,10.0,8.0,3.0,6.0,6.0,5.0,3,14,78,78,79,78,77,77,77,78,58.97529969069944,1711.1149277125676,1696.1834296273646,3,4,-1,Draw,Away Win
2023,12/01/2024,Burnley,Luton,0,0.4736842105263157,0.2631578947368421,0.2631578947368421,0.2105263157894736,0.2105263157894736,0.0,3.0,4.0,-1.0,4.0,6.0,-2.0,1.0,1.1111111111111112,2.4,2.2222222222222223,20,23,41,37,0.0,0.0,3.0,2.0,3.0,4.0,2.0,3.0,15.0,12.0,0,0,74,69,74,73,72,72,72,72,58.06812268377784,1582.2594156498417,1377.0277557215002,4,4,1,Draw,Home Win
2023,14/01/2024,Everton,Aston Villa,0,0.3398058252427184,0.2718446601941747,0.3883495145631068,-0.0485436893203883,0.0679611650485437,0.116504854368932,7.0,7.0,0.0,6.0,10.0,-4.0,1.1,1.4,1.2,1.9,24,43,28,27,0.0,2.0,4.0,0.0,8.0,13.0,2.0,3.0,10.0,4.0,1,23,77,79,77,75,80,82,79,79,58.11868258831746,1741.501399648773,1727.7201477072203,3,3,1,Draw,Home Win
2023,14/01/2024,Man United,Tottenham,0,0.4310344827586207,0.2528735632183908,0.3160919540229885,0.1149425287356322,0.1781609195402299,0.0632183908045976,9.0,7.0,2.0,4.0,12.0,-8.0,1.3,2.2,1.6,1.6,22,42,27,29,0.0,2.0,2.0,0.0,10.0,12.0,1.0,3.0,9.0,5.0,9,8,82,82,83,80,81,81,80,79,58.11868258831746,1827.3982573214807,1863.724819258772,2,2,1,Draw,Home Win
2023,21/01/2024,Sheffield United,West Ham,0,0.2796610169491525,0.288135593220339,0.4322033898305084,-0.1525423728813559,-0.0084745762711864,0.1440677966101694,6.0,9.0,-3.0,4.0,10.0,-6.0,1.0,1.6,2.4,2.0,15,33,49,30,0.0,0.0,3.0,0.0,2.0,10.0,3.0,4.0,15.0,6.0,3,10,73,72,74,72,78,78,79,78,58.11049105867925,1539.1723553266718,1699.0192342869464,4,4,-1,Draw,Away Win
2023,22/01/2024,Brighton,Wolves,0,0.5844322369042638,0.2227051249173291,0.192862638178407,0.3915695987258567,0.3617271119869346,-0.029842486738922,9.0,3.0,6.0,6.0,10.0,-4.0,2.2,1.4,1.4,1.7,38,30,33,31,0.0,4.0,0.0,0.0,8.0,8.0,7.0,4.0,5.0,8.0,5,9,77,77,77,78,76,75,77,76,57.75103781369814,1708.2791230529858,1674.0488717664089,3,4,1,Draw,Home Win
2023,30/01/2024,Luton,Brighton,1,0.2272727272727273,0.2272727272727273,0.5454545454545455,-0.3181818181818182,0.0,0.3181818181818182,6.0,5.0,1.0,7.0,6.0,1.0,1.3,1.6,1.7,1.9,24,38,38,33,0.0,0.0,0.0,0.0,4.0,8.0,4.0,8.0,12.0,5.0,0,3,72,72,72,72,77,77,77,78,58.68178366352755,1373.4257712458557,1715.691854594777,4,3,-1,Home Win,Away Win
2023,30/01/2024,Crystal Palace,Sheffield United,1,0.5885015844273427,0.2648257129923042,0.1466727025803531,0.4418288818469895,0.3236758714350384,-0.1181530104119511,4.0,2.0,2.0,5.0,2.0,3.0,1.1,0.5,1.4,2.5,22,17,34,51,0.0,0.0,2.0,0.0,5.0,2.0,6.0,4.0,10.0,15.0,3,6,76,75,76,76,73,72,74,72,58.68178366352755,1682.0293836868047,1532.0196459571018,4,4,0,Home Win,Draw
2023,30/01/2024,Aston Villa,Newcastle,-1,0.5129935875801552,0.2372595342558218,0.2497468781640229,0.2632467094161322,0.2757340533243334,0.0124873439082011,13.0,0.0,13.0,8.0,3.0,5.0,2.9,1.6,0.8,2.2,43,41,27,32,0.0,0.0,0.0,5.0,13.0,9.0,4.0,2.0,4.0,10.0,12,11,80,82,79,79,81,79,81,82,58.68178366352755,1719.760549523358,1810.3908496766317,3,2,1,Away Win,Home Win
2023,01/02/2024,West Ham,Bournemouth,0,0.3979739507959479,0.2547033285094067,0.3473227206946455,0.0506512301013024,0.1432706222865412,0.0926193921852387,11.0,12.0,-1.0,11.0,9.0,2.0,1.7,1.7,1.0,2.3,35,28,32,39,0.0,0.0,0.0,3.0,10.0,7.0,5.0,4.0,6.0,9.0,6,2,78,78,79,78,75,75,75,74,59.52844877479792,1706.1719436565163,1642.9075867752426,3,4,-1,Draw,Away Win
2023,01/02/2024,Wolves,Man United,-1,0.3620659054605691,0.2645092587114713,0.3734248358279596,-0.0113589303673904,0.0975566467490978,0.1089155771164882,13.0,4.0,9.0,10.0,5.0,5.0,1.6,0.9,1.4,1.1,30,24,31,29,0.0,0.0,0.0,0.0,8.0,10.0,5.0,2.0,8.0,9.0,1,20,76,75,77,76,82,82,83,80,59.52844877479792,1666.6361402246175,1836.7718509121037,4,2,1,Away Win,Home Win
2023,03/02/2024,Burnley,Fulham,0,0.3255813953488372,0.2777017783857728,0.3967168262653898,-0.0711354309165526,0.0478796169630643,0.1190150478796169,4.0,0.0,4.0,4.0,4.0,0.0,1.0,0.8181818181818182,2.272727272727273,2.1818181818181817,22,28,45,36,0.0,0.0,2.0,0.0,3.0,7.0,3.0,4.0,16.0,11.0,1,1,74,69,74,73,77,76,77,76,58.97132869033218,1585.0138900788456,1630.6404581837364,4,4,-1,Draw,Away Win
2023,03/02/2024,Newcastle,Luton,0,0.6558682952734998,0.1988316516197557,0.1453000531067445,0.5105682421667552,0.4570366436537441,-0.0535315985130111,9.0,4.0,5.0,3.0,10.0,-7.0,2.272727272727273,1.1,0.9090909090909092,2.1,44,28,33,38,2.0,2.0,0.0,0.0,10.0,5.0,2.0,4.0,10.0,12.0,0,3,81,79,81,82,72,72,72,72,58.97132869033218,1799.4738805560105,1370.1558503585748,3,4,1,Draw,Home Win
2023,04/02/2024,Bournemouth,Nott'm Forest,0,0.5609973285841497,0.2270703472840606,0.2119323241317898,0.3490650044523599,0.3339269813000891,-0.0151380231522707,10.0,4.0,6.0,7.0,6.0,1.0,1.1,1.0909090909090908,1.6,2.090909090909091,29,27,40,40,0.0,0.0,0.0,3.0,7.0,5.0,5.0,5.0,9.0,12.0,1,1,75,75,75,74,77,75,77,75,57.76012364996407,1656.3016915849632,1502.6280337322094,4,4,1,Draw,Home Win
2023,04/02/2024,Chelsea,Wolves,-1,0.5883926183471516,0.2382990104305964,0.1733083712222519,0.4150842471248996,0.3500936079165552,-0.0649906392083444,13.0,4.0,9.0,9.0,10.0,-1.0,1.6363636363636365,1.2727272727272727,1.2727272727272727,1.5454545454545454,36,33,35,35,0.0,0.0,2.0,2.0,9.0,8.0,4.0,5.0,9.0,9.0,8,12,80,77,81,78,76,75,77,76,57.76012364996407,1866.3671902371425,1679.716312220917,2,4,1,Away Win,Home Win
2023,04/02/2024,Arsenal,Liverpool,1,0.4308880308880309,0.2633204633204634,0.3057915057915058,0.125096525096525,0.1675675675675675,0.0424710424710424,12.0,13.0,-1.0,7.0,13.0,-6.0,2.4545454545454546,1.9090909090909087,0.9090909090909092,0.9090909090909092,44,51,21,19,3.0,5.0,0.0,0.0,14.0,15.0,4.0,6.0,4.0,1.0,6,17,82,82,84,81,83,84,82,84,57.76012364996407,1966.055882531505,2086.7083091567865,1,1,-1,Home Win,Away Win
2023,10/02/2024,Luton,Sheffield United,-1,0.5449330783938815,0.254302103250478,0.2007648183556405,0.3441682600382409,0.2906309751434034,-0.0535372848948374,6.0,1.0,5.0,8.0,1.0,7.0,1.5454545454545454,0.6363636363636364,1.5454545454545454,2.5454545454545454,32,19,42,59,0.0,0.0,0.0,3.0,5.0,2.0,5.0,4.0,12.0,17.0,0,0,72,72,72,72,73,72,74,72,58.57584939240204,1369.0210042936694,1531.0789276190003,4,4,1,Away Win,Home Win
2023,10/02/2024,Wolves,Brentford,-1,0.4543429844097995,0.2650334075723831,0.2806236080178174,0.1737193763919821,0.1893095768374164,0.0155902004454342,10.0,0.0,10.0,10.0,3.0,7.0,1.7272727272727273,1.1,1.6363636363636365,1.6,37,32,37,39,2.0,0.0,0.0,3.0,9.0,6.0,5.0,4.0,9.0,12.0,3,4,76,75,77,76,76,75,76,76,58.57584939240204,1675.7819781938542,1621.3563593169768,4,4,1,Away Win,Home Win
2023,11/02/2024,Aston Villa,Man United,-1,0.4411346172089934,0.2529171805331562,0.3059482022578503,0.1351864149511431,0.1882174366758371,0.053031021724694,10.0,4.0,6.0,7.0,10.0,-3.0,2.727272727272727,1.181818181818182,1.0,1.2727272727272727,49,31,30,32,2.0,3.0,0.0,0.0,14.0,12.0,4.0,2.0,5.0,9.0,4,17,80,82,79,79,82,82,83,80,59.47828940479665,1736.993445054644,1828.738766838194,3,2,1,Away Win,Home Win
2023,17/02/2024,Newcastle,Bournemouth,0,0.5198277142432793,0.2264963612060003,0.2536759245507203,0.266151789692559,0.293331353037279,0.02717956334472,7.0,7.0,0.0,7.0,2.0,5.0,2.4166666666666665,1.5833333333333333,1.1666666666666667,2.25,51,31,39,44,2.0,0.0,0.0,2.0,11.0,7.0,3.0,6.0,10.0,10.0,4,5,81,79,81,82,75,75,75,74,62.25486812956699,1804.5510214851236,1651.9807313717424,2,4,1,Draw,Home Win
2023,17/02/2024,Tottenham,Wolves,-1,0.619757688723206,0.1996272134203169,0.1806150978564771,0.4391425908667288,0.4201304753028891,-0.0190121155638397,15.0,7.0,8.0,11.0,7.0,4.0,2.083333333333333,1.5,1.3333333333333333,1.5833333333333333,51,37,36,39,2.0,0.0,0.0,2.0,14.0,9.0,5.0,5.0,5.0,10.0,6,13,81,81,80,79,76,75,77,76,62.25486812956699,1861.1680642706565,1682.6395663769638,2,4,1,Away Win,Home Win
2023,17/02/2024,Man City,Chelsea,0,0.7101928819304333,0.171737551448632,0.1180695666209345,0.5921233153094987,0.5384553304818012,-0.0536679848276975,11.0,6.0,5.0,15.0,9.0,6.0,2.636363636363636,1.75,0.9090909090909092,1.8333333333333333,56,41,25,40,7.0,2.0,0.0,0.0,16.0,10.0,4.0,4.0,3.0,10.0,9,7,85,87,86,83,80,77,81,78,62.25486812956699,2073.488455529945,1876.466605739262,1,2,1,Draw,Home Win
2023,19/02/2024,Everton,Crystal Palace,0,0.556783031374282,0.2629253203711887,0.1802916482545293,0.3764913831197526,0.2938577110030932,-0.0826336721166593,8.0,2.0,6.0,3.0,6.0,-3.0,1.0833333333333333,1.0,1.1666666666666667,2.0,26,27,32,43,0.0,0.0,2.0,3.0,8.0,6.0,5.0,6.0,11.0,12.0,10,6,77,79,77,75,76,75,76,76,56.938532444526125,1747.14444292724,1663.324280936521,3,4,1,Draw,Home Win
2023,24/02/2024,Brighton,Everton,0,0.5215686274509804,0.2511764705882353,0.2272549019607843,0.2943137254901961,0.2703921568627451,-0.0239215686274509,11.0,4.0,7.0,7.0,4.0,3.0,2.1666666666666665,1.0833333333333333,1.25,1.5,48,27,40,33,2.0,0.0,0.0,0.0,10.0,8.0,8.0,6.0,7.0,11.0,4,14,77,77,77,78,77,79,77,75,55.58244693422476,1727.121863404244,1753.3010929088573,3,3,1,Draw,Home Win
2023,24/02/2024,Man United,Fulham,-1,0.6067809651932196,0.2200106501970796,0.1732083846097008,0.4335725805835186,0.3867703149961399,-0.0468022655873787,10.0,1.0,9.0,13.0,5.0,8.0,1.5,0.9166666666666666,1.5,2.1666666666666665,35,34,34,41,5.0,0.0,0.0,2.0,14.0,8.0,2.0,5.0,9.0,12.0,4,1,82,82,83,80,77,76,77,76,55.58244693422476,1819.847616567816,1640.9395921668995,2,4,1,Away Win,Home Win
2023,26/02/2024,West Ham,Brentford,1,0.3811881188118812,0.2722772277227723,0.3465346534653465,0.0346534653465346,0.1089108910891089,0.0742574257425742,8.0,3.0,5.0,2.0,3.0,-1.0,1.5,1.0833333333333333,1.4166666666666667,1.4166666666666667,36,35,44,44,0.0,0.0,4.0,3.0,10.0,7.0,6.0,4.0,9.0,14.0,0,15,78,78,79,78,76,75,76,76,56.00291321889279,1669.650571972844,1611.9065511186202,4,4,0,Home Win,Draw
2023,02/03/2024,Brentford,Chelsea,0,0.3059482022578503,0.2529171805331562,0.4411346172089934,-0.1351864149511431,0.053031021724694,0.1882174366758371,3.0,7.0,-4.0,3.0,7.0,-4.0,1.6923076923076923,1.6923076923076923,2.076923076923077,1.7692307692307692,37,42,48,41,0.0,0.0,4.0,0.0,7.0,10.0,4.0,5.0,15.0,10.0,1,4,76,75,76,76,80,77,81,78,56.40401115885968,1615.0682873575229,1872.795720231967,4,2,-1,Draw,Away Win
2023,02/03/2024,Everton,West Ham,-1,0.464002946050451,0.2642238998342846,0.2717731541152641,0.1922297919351869,0.1997790462161664,0.0075492542809795,6.0,4.0,2.0,4.0,4.0,0.0,1.0769230769230769,1.3846153846153846,1.1538461538461535,2.076923076923077,28,40,34,46,0.0,2.0,0.0,0.0,8.0,11.0,7.0,6.0,11.0,9.0,6,13,77,79,77,75,78,78,79,78,56.40401115885968,1744.145370892822,1666.4888357339414,3,4,1,Away Win,Home Win
2023,09/03/2024,Bournemouth,Sheffield United,0,0.7044320516583504,0.1784561197534487,0.1171118285882007,0.5873202230701496,0.5259759319049017,-0.061344291165248,5.0,4.0,1.0,5.0,3.0,2.0,1.0,0.7692307692307693,1.5,2.3076923076923075,35,22,47,72,2.0,0.0,0.0,4.0,8.0,3.0,7.0,4.0,11.0,20.0,1,4,75,75,75,74,73,72,74,72,57.69185388583016,1654.7268677736947,1506.0231276436762,4,4,1,Draw,Home Win
2023,09/03/2024,Crystal Palace,Luton,0,0.5327102803738317,0.2453271028037383,0.2219626168224299,0.3107476635514018,0.2873831775700934,-0.0233644859813084,10.0,5.0,5.0,4.0,1.0,3.0,1.3846153846153846,1.3333333333333333,1.4615384615384617,2.4166666666666665,32,37,47,54,0.0,0.0,2.0,5.0,7.0,5.0,7.0,5.0,13.0,16.0,0,3,76,75,76,76,72,72,72,72,57.69185388583016,1659.6186779426243,1376.963819794111,4,4,1,Draw,Home Win
2023,09/03/2024,Wolves,Fulham,1,0.378159757330637,0.2780586450960566,0.3437815975733064,0.0343781597573306,0.1001011122345804,0.0657229524772497,9.0,4.0,5.0,9.0,10.0,-1.0,1.5384615384615383,1.0,1.5384615384615383,2.076923076923077,40,39,43,42,0.0,3.0,2.0,0.0,11.0,10.0,5.0,5.0,11.0,12.0,4,5,76,75,77,76,77,76,77,76,57.69185388583016,1677.7086789535924,1648.054478018805,4,4,-1,Home Win,Away Win
2023,10/03/2024,Aston Villa,Tottenham,-1,0.3983453347632909,0.2370154741841581,0.3646391910525509,0.03370614371074,0.1613298605791328,0.1276237168683927,7.0,6.0,1.0,12.0,10.0,2.0,2.6923076923076925,2.1666666666666665,1.1538461538461535,1.6666666666666667,59,55,37,39,4.0,2.0,0.0,0.0,17.0,15.0,4.0,5.0,6.0,6.0,3,15,80,82,79,79,81,81,80,79,57.63713594242394,1762.527659675212,1868.857171774492,3,2,1,Away Win,Home Win
2023,10/03/2024,West Ham,Burnley,0,0.5652658981033842,0.2359985124581628,0.1987355894384529,0.3665303086649313,0.3292673856452214,-0.0372629230197099,8.0,3.0,5.0,6.0,1.0,5.0,1.6923076923076923,0.9230769230769232,1.4615384615384617,2.0,43,25,47,60,3.0,0.0,0.0,5.0,12.0,3.0,6.0,4.0,9.0,20.0,4,8,78,78,79,78,74,69,74,73,57.63713594242394,1660.1666690569043,1555.8318696698648,4,4,1,Draw,Home Win
2023,10/03/2024,Liverpool,Man City,0,0.3160919540229885,0.2528735632183908,0.4310344827586207,-0.1149425287356322,0.0632183908045976,0.1781609195402299,13.0,15.0,-2.0,12.0,13.0,-1.0,2.8461538461538463,2.1538461538461537,0.8461538461538461,1.1538461538461535,64,62,25,27,5.0,4.0,0.0,0.0,19.0,19.0,6.0,5.0,2.0,3.0,7,13,83,84,82,84,85,87,86,83,57.63713594242394,2098.356737100931,2083.012040008814,1,1,-1,Draw,Away Win
2023,16/03/2024,Burnley,Brentford,1,0.2928767382461451,0.2644026109166588,0.4427206508371961,-0.1498439125910509,0.0284741273294863,0.1783180399205373,2.0,3.0,-1.0,1.0,1.0,0.0,0.9285714285714286,1.1428571428571428,2.4285714285714284,1.6428571428571428,27,40,62,52,0.0,0.0,0.0,2.0,3.0,7.0,5.0,5.0,20.0,16.0,3,6,74,69,74,73,76,75,76,76,58.30693153180853,1550.1830493230234,1608.6440510477853,4,4,-1,Home Win,Away Win
2023,16/03/2024,Luton,Nott'm Forest,0,0.3398058252427184,0.2718446601941747,0.3883495145631068,-0.0485436893203883,0.0679611650485437,0.116504854368932,3.0,4.0,-1.0,1.0,3.0,-2.0,1.5,1.0714285714285714,1.7857142857142858,2.071428571428572,41,34,59,50,0.0,0.0,2.0,4.0,5.0,6.0,6.0,6.0,17.0,16.0,0,1,72,72,72,72,77,75,77,75,58.30693153180853,1372.0549053297425,1500.4467173310504,4,4,-1,Draw,Away Win
2023,16/03/2024,Fulham,Tottenham,1,0.2691120392228073,0.2478663519157435,0.483021608861449,-0.2139095696386417,0.0212456873070637,0.2351552569457054,10.0,8.0,2.0,9.0,10.0,-1.0,1.8571428571428568,2.3076923076923075,1.0714285714285714,1.5384615384615383,40,59,44,39,0.0,3.0,2.0,0.0,10.0,16.0,5.0,5.0,13.0,6.0,0,13,77,76,77,76,81,81,80,79,58.30693153180853,1660.516840571815,1857.4647967005424,4,2,-1,Home Win,Away Win
2023,17/03/2024,West Ham,Aston Villa,0,0.3603859807401887,0.2527507011591189,0.3868633181006922,-0.0264773373605035,0.1076352795810697,0.1341126169415732,6.0,10.0,-4.0,7.0,9.0,-2.0,1.7142857142857142,1.7142857142857142,1.5,1.5714285714285714,45,59,49,41,0.0,0.0,0.0,2.0,12.0,17.0,7.0,4.0,9.0,7.0,8,6,78,78,79,78,80,82,79,79,55.27871388522285,1665.815489403746,1773.9200347491612,4,3,-1,Draw,Away Win
2023,30/03/2024,Bournemouth,Everton,1,0.4350453172205438,0.2658610271903323,0.2990936555891239,0.1359516616314199,0.1691842900302114,0.0332326283987915,5.0,2.0,3.0,8.0,2.0,6.0,1.2857142857142858,1.0,1.6428571428571428,1.5,41,29,52,39,2.0,0.0,0.0,3.0,9.0,8.0,8.0,7.0,11.0,13.0,6,6,75,75,75,74,77,79,77,75,54.33889539273682,1661.836642225536,1744.002460619571,4,3,-1,Home Win,Away Win
2023,30/03/2024,Chelsea,Burnley,0,0.7403078121955972,0.1591661796220534,0.1005260081823495,0.6397818040132477,0.5811416325735438,-0.0586401714397038,12.0,1.0,11.0,8.0,4.0,4.0,1.7692307692307692,1.0,1.5384615384615383,2.0,47,29,45,63,2.0,2.0,0.0,0.0,11.0,4.0,6.0,5.0,10.0,20.0,7,1,80,77,81,78,74,69,74,73,54.33889539273682,1884.0948188518848,1540.1874838193523,2,4,1,Draw,Home Win
2023,30/03/2024,Nott'm Forest,Crystal Palace,0,0.4322033898305084,0.288135593220339,0.2796610169491525,0.1525423728813559,0.1440677966101694,-0.0084745762711864,6.0,1.0,5.0,4.0,5.0,-1.0,1.3571428571428572,1.0,1.5,2.0,35,33,51,48,0.0,0.0,0.0,0.0,6.0,7.0,7.0,8.0,16.0,13.0,3,2,77,75,77,75,76,75,76,76,54.33889539273682,1508.456435001451,1662.0897657878618,4,4,1,Draw,Home Win
2023,30/03/2024,Sheffield United,Fulham,0,0.2115884421342302,0.238036997401009,0.5503745604647607,-0.3387861183305305,-0.0264485552667787,0.3123375630637517,1.0,4.0,-3.0,4.0,9.0,-5.0,0.8571428571428571,1.0,3.0,2.071428571428572,24,43,74,44,0.0,2.0,0.0,0.0,3.0,11.0,5.0,5.0,20.0,13.0,1,7,73,72,74,72,77,76,77,76,54.33889539273682,1501.351179810966,1654.3081211645224,4,4,-1,Draw,Away Win
2023,30/03/2024,Brentford,Man United,0,0.3171471927162367,0.2503793626707132,0.4324734446130501,-0.1153262518968133,0.0667678300455235,0.1820940819423369,4.0,9.0,-5.0,1.0,9.0,-8.0,1.7142857142857142,1.2857142857142858,2.071428571428572,1.3571428571428572,41,39,54,39,0.0,2.0,3.0,0.0,7.0,15.0,5.0,2.0,17.0,11.0,3,12,76,75,76,76,82,82,83,80,54.33889539273682,1618.6396165514564,1827.5935976724263,4,2,-1,Draw,Away Win
2023,31/03/2024,Man City,Arsenal,0,0.4986876640419947,0.2506561679790026,0.2506561679790026,0.2480314960629921,0.2480314960629921,0.0,13.0,12.0,1.0,11.0,15.0,-4.0,2.4285714285714284,2.4285714285714284,0.8571428571428571,0.7857142857142857,63,70,28,24,0.0,9.0,0.0,0.0,19.0,20.0,6.0,4.0,3.0,4.0,12,3,85,87,86,83,82,82,84,81,54.59236650419483,2095.0822659075457,1973.0593628264132,1,1,1,Draw,Home Win
2023,02/04/2024,Newcastle,Everton,0,0.4751131221719458,0.2533936651583711,0.2714932126696833,0.2036199095022625,0.2217194570135747,0.0180995475113122,8.0,2.0,6.0,7.0,2.0,5.0,2.533333333333333,1.0,1.2666666666666666,1.5333333333333334,63,30,51,41,2.0,0.0,0.0,4.0,13.0,8.0,4.0,7.0,12.0,14.0,9,10,81,79,81,82,77,79,77,75,54.54599222029575,1808.0487320994816,1753.2032455926671,2,3,1,Draw,Home Win
2023,02/04/2024,Nott'm Forest,Fulham,1,0.3545177020972921,0.2815287634302026,0.3639535344725053,-0.0094358323752131,0.0729889386670895,0.0824247710423026,4.0,5.0,-1.0,2.0,10.0,-8.0,1.3333333333333333,1.1333333333333333,1.4666666666666666,2.1333333333333333,36,46,52,47,0.0,0.0,0.0,0.0,6.0,11.0,8.0,6.0,16.0,13.0,0,9,77,75,77,75,77,76,77,76,54.54599222029575,1521.239010198081,1661.5435163750724,4,4,-1,Home Win,Away Win
2023,02/04/2024,Burnley,Wolves,0,0.3888834331729352,0.2646567809093587,0.346459785917706,0.0424236472552292,0.1242266522635764,0.0818030050083472,5.0,7.0,-2.0,5.0,9.0,-4.0,1.0,1.3333333333333333,2.333333333333333,1.6666666666666667,31,42,65,46,0.0,0.0,0.0,2.0,4.0,12.0,6.0,5.0,20.0,12.0,7,6,74,69,74,73,76,75,77,76,54.54599222029575,1538.3525461500717,1659.8172245645292,4,4,-1,Draw,Away Win
2023,02/04/2024,West Ham,Tottenham,0,0.287519747235387,0.225908372827804,0.4865718799368088,-0.1990521327014218,0.0616113744075829,0.2606635071090047,6.0,5.0,1.0,8.0,9.0,-1.0,1.6666666666666667,2.142857142857143,1.4666666666666666,1.6428571428571428,49,61,54,43,0.0,2.0,2.0,0.0,12.0,17.0,8.0,5.0,10.0,7.0,7,14,78,78,79,78,81,81,80,79,54.54599222029575,1652.5248095215272,1864.4652340107443,4,2,1,Draw,Home Win
2023,03/04/2024,Brentford,Brighton,0,0.4013210952801567,0.251353738622835,0.3473251660970083,0.0539959291831483,0.1499673566573217,0.0959714274741733,5.0,3.0,2.0,2.0,7.0,-5.0,1.6666666666666667,1.5333333333333334,2.0,2.0,42,51,55,46,0.0,0.0,0.0,2.0,7.0,11.0,6.0,9.0,17.0,9.0,3,10,76,75,76,76,77,77,77,78,55.585999726338514,1612.8175684971968,1726.686464392771,4,3,-1,Draw,Away Win
2023,06/04/2024,Aston Villa,Brentford,0,0.5608856088560886,0.2383763837638376,0.2007380073800738,0.3601476014760148,0.322509225092251,-0.0376383763837638,6.0,3.0,3.0,7.0,3.0,4.0,2.466666666666667,1.1333333333333333,1.2666666666666666,1.6666666666666667,63,42,46,55,0.0,0.0,2.0,0.0,18.0,7.0,5.0,7.0,8.0,17.0,4,5,80,82,79,79,76,75,76,76,54.9716656083584,1785.6953791766532,1604.479524771281,3,4,1,Draw,Home Win
2023,06/04/2024,Fulham,Newcastle,-1,0.4038257173219978,0.2529224229543039,0.3432518597236982,0.0605738575982996,0.1509032943676939,0.0903294367693943,10.0,6.0,4.0,7.0,7.0,0.0,1.933333333333333,1.7857142857142858,1.0,2.2857142857142856,47,64,50,52,0.0,0.0,2.0,0.0,11.0,13.0,6.0,5.0,14.0,12.0,0,13,77,76,77,76,81,79,81,82,54.9716656083584,1669.1241244922924,1815.0002672504447,4,2,1,Away Win,Home Win
2023,06/04/2024,Luton,Bournemouth,1,0.2531521947646535,0.2498212448335396,0.4970265604018067,-0.2438743656371532,0.0033309499311138,0.247205315568267,4.0,5.0,-1.0,2.0,13.0,-11.0,1.4666666666666666,1.6428571428571428,1.7333333333333334,2.071428571428572,43,44,64,53,0.0,4.0,3.0,0.0,5.0,11.0,7.0,8.0,19.0,11.0,0,3,72,72,72,72,75,75,75,74,54.9716656083584,1362.8157230535662,1660.9853286713917,4,4,-1,Home Win,Away Win
2023,06/04/2024,Wolves,West Ham,-1,0.381625441696113,0.2650176678445229,0.3533568904593639,0.0282685512367491,0.1166077738515901,0.0883392226148409,9.0,4.0,5.0,7.0,6.0,1.0,1.5714285714285714,1.6,1.5,2.1333333333333333,43,50,47,55,0.0,0.0,0.0,0.0,12.0,12.0,6.0,9.0,12.0,10.0,9,15,76,75,77,76,78,78,79,78,54.9716656083584,1667.9146193502088,1666.7685726017485,4,4,1,Away Win,Home Win
2023,07/04/2024,Man United,Liverpool,0,0.1990324809951624,0.2100898410504492,0.5908776779543885,-0.3918451969592261,-0.0110573600552868,0.3807878369039392,10.0,12.0,-2.0,4.0,13.0,-9.0,1.5,1.9285714285714288,1.4285714285714286,1.0,43,70,44,28,0.0,3.0,2.0,0.0,15.0,21.0,3.0,7.0,12.0,2.0,4,18,82,82,83,80,83,84,82,84,57.78511439441448,1826.41905896854,2088.455127954557,2,1,1,Draw,Home Win
2023,07/04/2024,Sheffield United,Chelsea,0,0.1363636363636363,0.1818181818181818,0.6818181818181818,-0.5454545454545454,-0.0454545454545454,0.5,2.0,8.0,-6.0,2.0,9.0,-7.0,1.0,1.7142857142857142,3.0,1.7857142857142858,28,53,80,50,0.0,2.0,2.0,0.0,3.0,12.0,6.0,7.0,21.0,10.0,3,10,73,72,74,72,80,77,81,78,57.78511439441448,1493.6499568464235,1892.926343279312,4,2,-1,Draw,Away Win
2023,13/04/2024,Burnley,Brighton,0,0.2714932126696832,0.253393665158371,0.4751131221719457,-0.2036199095022624,0.0180995475113122,0.2217194570135746,5.0,4.0,1.0,6.0,4.0,2.0,1.0,1.4375,2.25,1.875,32,51,67,49,0.0,0.0,2.0,2.0,4.0,11.0,7.0,10.0,21.0,10.0,1,10,74,69,74,73,77,77,77,78,61.95218797373336,1526.781697474741,1729.7462502443657,4,3,-1,Draw,Away Win
2023,13/04/2024,Nott'm Forest,Wolves,0,0.4509283819628648,0.2785145888594165,0.2705570291777188,0.1803713527851459,0.1724137931034483,-0.0079575596816976,7.0,7.0,0.0,5.0,4.0,1.0,1.4375,1.3125,1.4375,1.625,40,44,56,49,0.0,0.0,2.0,2.0,7.0,12.0,8.0,6.0,17.0,13.0,1,5,77,75,77,75,76,75,77,76,61.95218797373336,1511.785723757619,1676.3133228043905,4,4,1,Draw,Home Win
2023,13/04/2024,Bournemouth,Man United,0,0.393939393939394,0.2424242424242424,0.3636363636363636,0.0303030303030303,0.1515151515151515,0.1212121212121211,10.0,7.0,3.0,10.0,5.0,5.0,1.3125,1.375,1.5,1.5,45,45,55,46,0.0,0.0,2.0,0.0,11.0,15.0,8.0,4.0,12.0,12.0,3,9,75,75,75,74,82,82,83,80,61.95218797373336,1664.9417782359792,1841.7027614951828,4,2,-1,Draw,Away Win
2023,14/04/2024,Liverpool,Crystal Palace,-1,0.7837283075200598,0.1365926478820675,0.0796790445978727,0.7040492629221871,0.6471356596379922,-0.0569136032841948,13.0,2.0,11.0,11.0,2.0,9.0,2.6875,0.9375,0.875,1.875,72,36,30,54,0.0,0.0,0.0,3.0,21.0,7.0,8.0,9.0,2.0,15.0,10,2,83,84,82,84,76,75,76,76,62.220798775707415,2073.171425427914,1639.201470767665,1,4,1,Away Win,Home Win
2023,14/04/2024,West Ham,Fulham,-1,0.3982300884955752,0.2632743362831858,0.3384955752212389,0.0597345132743362,0.1349557522123893,0.0752212389380531,6.0,5.0,1.0,6.0,4.0,2.0,1.625,1.125,1.4375,2.1875,52,47,56,51,2.0,0.0,0.0,3.0,13.0,11.0,9.0,6.0,10.0,15.0,6,4,78,78,79,78,77,76,77,76,62.220798775707415,1658.369869147567,1681.6824513640518,4,4,1,Away Win,Home Win
2023,21/04/2024,Fulham,Liverpool,-1,0.1814679252552494,0.2117125794644577,0.6068194952802928,-0.4253515700250433,-0.0302446542092082,0.395106915815835,9.0,10.0,-1.0,7.0,8.0,-1.0,1.8125,1.933333333333333,1.0,1.0666666666666669,49,72,51,31,2.0,0.0,0.0,2.0,12.0,21.0,6.0,8.0,15.0,3.0,2,8,77,76,77,76,83,84,82,84,61.68188604548691,1672.7976617786924,2074.25855323423,4,1,1,Away Win,Home Win
2023,24/04/2024,Crystal Palace,Newcastle,1,0.3436754176610978,0.2625298329355608,0.3937947494033412,-0.0501193317422434,0.0811455847255369,0.1312649164677803,7.0,9.0,-2.0,7.0,10.0,-3.0,1.625,1.7333333333333334,1.625,2.1333333333333333,42,69,56,52,3.0,3.0,0.0,0.0,9.0,15.0,9.0,5.0,15.0,12.0,5,15,76,75,76,76,81,79,81,82,63.68195203937337,1647.1804505715331,1812.0880663483888,4,2,-1,Home Win,Away Win
2023,24/04/2024,Everton,Liverpool,1,0.1351351351351351,0.1891891891891892,0.6756756756756757,-0.5405405405405406,-0.054054054054054,0.4864864864864864,8.0,10.0,-2.0,7.0,10.0,-3.0,1.125,2.0,1.125,1.0625,34,75,48,32,2.0,2.0,0.0,0.0,10.0,22.0,8.0,8.0,15.0,3.0,3,18,77,79,77,75,83,84,82,84,63.68195203937337,1748.3676369926714,2056.7367275017937,3,1,-1,Home Win,Away Win
2023,27/04/2024,West Ham,Liverpool,0,0.1734104046242774,0.1907514450867052,0.6358381502890174,-0.4624277456647399,-0.0173410404624277,0.4450867052023121,6.0,10.0,-4.0,4.0,7.0,-3.0,1.5294117647058822,1.8823529411764703,1.4705882352941178,1.1176470588235294,54,75,63,34,0.0,0.0,3.0,2.0,13.0,22.0,9.0,8.0,12.0,4.0,3,24,78,78,79,78,83,84,82,84,61.9758602355791,1658.1885511227422,2060.6660402938605,4,1,-1,Draw,Away Win
2023,27/04/2024,Fulham,Crystal Palace,0,0.4545454545454546,0.2727272727272727,0.2727272727272727,0.1818181818181818,0.1818181818181818,0.0,6.0,5.0,1.0,4.0,9.0,-5.0,1.7647058823529411,0.9411764705882352,1.1176470588235294,1.7647058823529411,50,44,54,56,0.0,4.0,2.0,0.0,12.0,10.0,6.0,9.0,16.0,15.0,1,6,77,76,77,76,76,75,76,76,61.9758602355791,1690.3194875111287,1640.0142274565328,4,4,-1,Draw,Away Win
2023,27/04/2024,Man United,Burnley,0,0.6295180722891567,0.1987951807228915,0.1716867469879518,0.4578313253012048,0.4307228915662651,-0.0271084337349397,10.0,5.0,5.0,6.0,6.0,0.0,1.6875,1.1764705882352942,1.5,1.8823529411764703,51,37,50,69,2.0,2.0,0.0,0.0,16.0,5.0,5.0,8.0,12.0,21.0,6,4,82,82,83,80,74,69,74,73,61.9758602355791,1850.007165209157,1531.4242111697158,2,4,1,Draw,Home Win
2023,27/04/2024,Everton,Brentford,1,0.412573673870334,0.2711198428290766,0.3163064833005894,0.0962671905697446,0.1414538310412574,0.0451866404715127,10.0,4.0,6.0,10.0,9.0,1.0,1.1764705882352942,1.4705882352941178,1.0588235294117647,1.7058823529411764,36,52,48,59,3.0,3.0,0.0,0.0,11.0,9.0,8.0,8.0,15.0,17.0,3,7,77,79,77,75,76,75,76,76,61.9758602355791,1744.4383242006047,1610.9649016569194,3,4,0,Home Win,Draw
2023,27/04/2024,Aston Villa,Chelsea,0,0.4381245196003074,0.2478862413528055,0.3139892390468869,0.1241352805534204,0.1902382782475019,0.0661029976940814,10.0,6.0,4.0,10.0,8.0,2.0,2.5294117647058822,1.625,1.3529411764705883,2.0,71,61,50,57,3.0,0.0,0.0,2.0,20.0,13.0,6.0,8.0,8.0,11.0,3,16,80,82,79,79,80,77,81,78,61.9758602355791,1810.4839725685051,1893.4631936857008,2,2,1,Draw,Home Win
2023,28/04/2024,Bournemouth,Brighton,1,0.4223031232036788,0.2500479018969151,0.3276489748994061,0.0946541483042727,0.1722552213067637,0.0776010730024909,11.0,5.0,6.0,7.0,2.0,5.0,1.3529411764705883,1.411764705882353,1.5294117647058822,1.8235294117647056,49,52,60,54,2.0,0.0,0.0,2.0,12.0,11.0,9.0,11.0,13.0,11.0,3,12,75,75,75,74,77,77,77,78,61.582544013200966,1665.4933447445248,1732.9855604769982,4,3,-1,Home Win,Away Win
2023,28/04/2024,Tottenham,Arsenal,-1,0.2272727272727273,0.2272727272727273,0.5454545454545455,-0.3181818181818182,0.0,0.3181818181818182,12.0,13.0,-1.0,7.0,12.0,-5.0,2.125,2.294117647058824,1.3125,0.6470588235294118,65,82,49,26,0.0,3.0,2.0,0.0,18.0,24.0,6.0,5.0,8.0,5.0,9,14,81,81,80,79,82,82,84,81,61.582544013200966,1842.4480232840608,1968.1156578505395,2,1,1,Away Win,Home Win
2023,03/05/2024,Luton,Everton,0,0.3647199046483909,0.2634088200238379,0.3718712753277712,-0.0071513706793803,0.1013110846245529,0.1084624553039332,4.0,2.0,2.0,3.0,12.0,-9.0,1.4705882352941178,0.9411764705882352,1.8823529411764703,1.7647058823529411,48,37,77,48,0.0,4.0,4.0,0.0,6.0,12.0,7.0,8.0,22.0,15.0,0,0,72,72,72,72,77,79,77,75,60.94934315225928,1351.249522183013,1739.3396673407033,4,3,-1,Draw,Away Win
2023,04/05/2024,Brentford,Fulham,0,0.4527177959791511,0.2501861504095309,0.2970960536113179,0.1556217423678331,0.2025316455696202,0.046909903201787,6.0,7.0,-1.0,8.0,4.0,4.0,1.588235294117647,1.1764705882352942,1.7647058823529411,2.0588235294117645,52,51,60,55,0.0,0.0,2.0,0.0,9.0,12.0,8.0,7.0,18.0,16.0,3,3,76,75,76,76,77,76,77,76,60.75130603406635,1616.0635585168209,1677.1957737710595,4,4,-1,Draw,Away Win
2023,11/05/2024,Bournemouth,Brentford,-1,0.4890829694323144,0.2384279475982532,0.2724890829694323,0.2165938864628821,0.2506550218340612,0.034061135371179,13.0,4.0,9.0,7.0,8.0,-1.0,1.4444444444444444,1.3888888888888888,1.4444444444444444,1.6666666666666667,52,52,63,60,0.0,0.0,2.0,0.0,13.0,9.0,9.0,9.0,14.0,18.0,1,5,75,75,75,74,76,75,76,76,61.13682854320163,1653.4428332280943,1606.07452196108,4,4,1,Away Win,Home Win
2023,11/05/2024,Newcastle,Brighton,0,0.6020278833967048,0.1989860583016476,0.1989860583016476,0.4030418250950571,0.4030418250950571,0.0,13.0,2.0,11.0,12.0,4.0,8.0,2.6666666666666665,1.3333333333333333,1.1666666666666667,1.8888888888888888,78,53,56,57,3.0,2.0,0.0,0.0,17.0,12.0,5.0,11.0,13.0,12.0,7,13,81,79,81,82,77,77,77,78,61.13682854320163,1825.1871239844763,1753.374747476215,2,3,1,Draw,Home Win
2023,13/05/2024,Aston Villa,Liverpool,0,0.2251965613240737,0.2184354636399791,0.556367975035947,-0.3311714137118732,0.0067610976840946,0.3379325113959678,8.0,8.0,0.0,8.0,7.0,1.0,2.5,1.8888888888888888,1.3888888888888888,1.1666666666666667,73,81,53,38,0.0,2.0,2.0,0.0,20.0,23.0,7.0,9.0,9.0,4.0,3,22,80,82,79,79,83,84,82,84,60.77773791502013,1810.5284979276068,2066.5396439947667,2,1,1,Draw,Home Win
2023,19/05/2024,Brighton,Man United,-1,0.4388121808208814,0.2358615471912237,0.3253262719878949,0.1134859088329865,0.2029506336296576,0.0894647247966711,6.0,2.0,4.0,4.0,7.0,-3.0,1.6666666666666667,1.3333333333333333,1.3888888888888888,1.6666666666666667,55,55,60,58,0.0,2.0,2.0,0.0,12.0,17.0,12.0,6.0,13.0,14.0,6,15,77,77,77,78,82,82,83,80,61.61368288684441,1739.501852209487,1838.1953519484236,3,2,1,Away Win,Home Win
