Season,Date,HomeTeam,AwayTeam,ResultEncoded,Bet365HomeWinOdds,Bet365DrawOdds,Bet365AwayWinOdds,Bet365HomeWinOddsPercentage,Bet365DrawOddsPercentage,Bet365AwayWinOddsPercentage,OddsDifference_HvA,OddsDifference_HvD,OddsDifference_AvD,HomeForm,AwayForm,HomeAdvantageIndex,HomeGeneralForm,AwayGeneralForm,GeneralFormDifference,AverageGoalsScoredAtHome,AverageGoalsScoredAtAway,AverageGoalsConcededAtHome,AverageGoalsConcededAtAway,TotalGoalsScoredHome,TotalGoalsScoredAway,TotalGoalsConcededHome,TotalGoalsConcededAway,WinStreakHome,WinStreakAway,LossStreakHome,LossStreakAway,TotalWinsHome,TotalWinsAway,TotalDrawsHome,TotalDrawsAway,TotalLossesHome,TotalLossesAway,HistoricalEncountersHome,HistoricalEncountersAway,HomeFifaOverall,HomeFifaAttack,HomeFifaMidfield,HomeFifaDefence,AwayFifaOverall,AwayFifaAttack,AwayFifaMidfield,AwayFifaDefence,HFA,HomeElo,AwayElo,EloTierHome,EloTierAway,EstimatedMargin,PMargin,P1X2,SNorm,DeltaElo1X2,DeltaEloGoal,DeltaEloMargin,ProbHome,ProbDraw,ProbAway,Predicted,ActualOutcome,PredictedOutcome
2023,12/08/2023,Everton,Fulham,-1,2.2,3.4,3.3,0.4322033898305084,0.2796610169491525,0.288135593220339,0.1440677966101694,0.1525423728813559,0.0084745762711864,4.0,6.0,-2.0,0.0,0.0,0.0,0.0,0.0,0.0,0.0,0,0,0,0,0.0,0.0,0.0,0.0,0.0,0.0,0.0,0.0,0.0,0.0,0,8,77,79,77,75,77,76,77,76,53.92079004759088,1773.84375,1589.34887695,3,4,2.0,0.2837606837606837,1.0,1.0,-5.955452296301884,-5.955452296301884,-5.955452296301884,0.2850920410089306,0.4648452466131177,0.2500627123779519,0,Away Win,Draw
2023,13/08/2023,Brentford,Tottenham,0,2.75,3.4,2.45,0.3411487662537115,0.2759291491757961,0.3829220845704924,-0.0417733183167809,0.0652196170779154,0.1069929353946963,10.0,4.0,6.0,0.0,0.0,0.0,0.0,0.0,0.0,0.0,0,0,0,0,0.0,0.0,0.0,0.0,0.0,0.0,0.0,0.0,0.0,0.0,2,8,76,75,76,76,81,81,80,79,55.13907999025577,1544.6817627,1894.99633789,4,2,0.0,0.0008547008547008,0.8454258747293083,1.5680307088429128,-3.091482505413834,-1.9715701280462248,-1.9715701280462248,0.2248231855547308,0.3747900111939171,0.4003868032513526,-1,Draw,Away Win
2023,13/08/2023,Chelsea,Liverpool,0,2.9,3.4,2.38,0.3255813953488372,0.2777017783857728,0.3967168262653898,-0.0711354309165526,0.0478796169630643,0.1190150478796169,3.0,11.0,-8.0,0.0,0.0,0.0,0.0,0.0,0.0,0.0,0,0,0,0,0.0,0.0,0.0,0.0,0.0,0.0,0.0,0.0,0.0,0.0,2,16,80,77,81,78,83,84,82,84,55.13907999025577,1887.18469238,2050.40185547,2,1,0.0,0.0008547008547008,0.6507067965789406,2.037252016723196,-6.985864068421187,-3.429062291300393,-3.429062291300393,0.2386657131674526,0.3143954160729609,0.4469388707595868,-1,Draw,Away Win
2023,18/08/2023,Nott'm Forest,Sheffield United,1,1.95,3.4,4.0,0.4851944345344274,0.2782732786300392,0.2365322868355333,0.2486621476988941,0.2069211559043882,-0.0417409917945059,10.0,3.0,7.0,0.0,0.0,0.0,0.0,0.0,0.0,0.0,1,0,2,1,0.0,0.0,1.0,1.0,0.0,0.0,0.0,0.0,1.0,1.0,0,0,77,75,77,75,73,72,74,72,54.78877441377328,1538.7279364982724,1620.118768930001,4,4,1.0,0.4811965811965812,1.0,1.0,0.7641760372818196,0.7641760372818196,0.7641760372818196,0.3143169315826471,0.435806225500136,0.2498768429172174,0,Home Win,Draw
2023,19/08/2023,Fulham,Brentford,-1,2.7,3.3,2.63,0.3515188335358444,0.287606318347509,0.3608748481166464,-0.0093560145808019,0.0639125151883353,0.0732685297691373,7.0,6.0,1.0,3.0,1.0,2.0,0.0,0.0,0.0,0.0,1,2,0,2,1.0,0.0,0.0,0.0,1.0,0.0,0.0,1.0,0.0,0.0,3,4,77,76,77,76,76,75,76,76,54.50555822846967,1595.304329246302,1542.7101925719537,4,4,1.0,0.4811965811965812,1.0,1.0,-2.988512339732494,-2.988512339732494,-2.988512339732494,0.2605913594054424,0.3862828127452991,0.3531258278492589,0,Away Win,Draw
2023,19/08/2023,Tottenham,Man United,1,2.8,3.6,2.38,0.3384955752212389,0.2632743362831858,0.3982300884955752,-0.0597345132743362,0.0752212389380531,0.1349557522123893,7.0,7.0,0.0,1.0,3.0,-2.0,0.0,0.0,0.0,0.0,2,1,2,0,0.0,1.0,0.0,0.0,0.0,1.0,1.0,0.0,0.0,0.0,2,18,81,81,80,79,82,82,83,80,54.50555822846967,1896.9679080180465,1845.383388372267,2,2,0.0,0.0008547008547008,0.3518987186183951,3.767145668590791,-12.962025627632096,-3.440808178909873,-3.440808178909873,0.2154404261946425,0.3797053637604778,0.4048542100448797,-1,Home Win,Away Win
2023,20/08/2023,West Ham,Chelsea,1,3.75,3.5,2.0,0.253393665158371,0.2714932126696832,0.4751131221719457,-0.2217194570135746,-0.0180995475113122,0.2036199095022624,7.0,3.0,4.0,1.0,1.0,0.0,0.0,0.0,0.0,0.0,1,1,1,1,0.0,0.0,0.0,0.0,0.0,0.0,1.0,1.0,0.0,0.0,7,16,78,78,79,78,80,77,81,78,49.701289277857896,1734.0679645683445,1883.7556300886995,3,2,1.0,0.4811965811965812,0.6400469319921835,2.071182076445179,-7.199061360156328,-3.475822546954566,-3.475822546954566,0.2310137630390508,0.361039466531982,0.4079467704289675,-1,Home Win,Away Win
2023,26/08/2023,Arsenal,Fulham,0,1.2,7.0,13.0,0.7913043478260869,0.1356521739130434,0.0730434782608695,0.7182608695652174,0.6556521739130434,-0.0626086956521738,10.0,6.0,4.0,6.0,3.0,3.0,2.0,1.0,1.0,0.0,3,1,1,3,2.0,0.0,0.0,2.0,2.0,1.0,0.0,0.0,0.0,1.0,4,4,82,82,84,81,77,76,77,76,50.15093546128145,1879.1851189951003,1592.3158169065694,2,4,0.0,0.0008547008547008,0.8743570253335554,1.5161469459460428,2.512859493328892,1.657398380841589,1.657398380841589,0.6083312028900972,0.2501691898694022,0.1414996072405009,1,Draw,Home Win
2023,26/08/2023,Everton,Wolves,-1,2.3,3.3,3.2,0.4139553116424931,0.2885143081144649,0.2975303802430419,0.1164249313994512,0.1254410035280282,0.009016072128577,3.0,0.0,3.0,0.0,0.0,0.0,0.0,0.0,1.0,1.0,0,1,5,5,0.0,0.0,2.0,2.0,0.0,0.0,0.0,0.0,2.0,2.0,6,16,77,79,77,75,76,75,77,76,50.15093546128145,1764.4405069526983,1718.1975004332817,3,3,1.0,0.4811965811965812,1.0,1.0,-2.7053786050825317,-2.7053786050825317,-2.7053786050825317,0.283048979676138,0.4337986714801605,0.2831523488437018,0,Away Win,Draw
2023,26/08/2023,Brighton,West Ham,-1,1.53,4.75,5.25,0.619757688723206,0.1996272134203169,0.1806150978564771,0.4391425908667288,0.4201304753028891,-0.0190121155638397,10.0,1.0,9.0,6.0,4.0,2.0,4.0,1.0,1.0,1.0,8,4,2,2,2.0,2.0,0.0,0.0,2.0,1.0,0.0,1.0,0.0,0.0,8,6,77,77,77,78,78,78,79,78,50.15093546128145,1625.8527606141197,1730.59214202139,4,3,0.0,0.0008547008547008,0.4220810309755595,3.1407564811949547,11.55837938048881,3.680125934530024,3.680125934530024,0.4845292445192637,0.3052946578410722,0.2101760976396644,1,Away Win,Home Win
2023,02/09/2023,Sheffield United,Everton,0,2.9,3.25,2.5,0.3276209677419355,0.2923387096774194,0.3800403225806452,-0.0524193548387096,0.0352822580645161,0.0877016129032258,6.0,6.0,0.0,0.0,0.0,0.0,0.5,0.0,1.5,4.0,2,0,5,6,0.0,0.0,3.0,3.0,0.0,0.0,0.0,0.0,3.0,3.0,0,9,73,72,74,72,77,79,77,75,50.18155945055749,1617.9485126488346,1761.7351283476155,4,3,1.0,0.4811965811965812,0.6315411389123191,2.099077402794477,-7.369177221753619,-3.510674361956886,-3.510674361956886,0.2452675345571602,0.3111532500221229,0.4435792154207169,-1,Draw,Away Win
2023,02/09/2023,Brentford,Bournemouth,0,1.73,3.8,4.75,0.5496094879953717,0.2502169511136823,0.2001735608909458,0.3494359271044258,0.2993925368816893,-0.0500433902227364,11.0,6.0,5.0,5.0,1.0,4.0,1.5,1.0,1.5,3.0,6,2,3,6,0.0,0.0,0.0,3.0,1.0,0.0,2.0,1.0,0.0,2.0,3,1,76,75,76,76,75,75,75,74,50.18155945055749,1549.7516312595517,1690.3168142760564,4,4,2.0,0.2837606837606837,0.3727844336810352,3.556086611599784,12.544311326379294,3.527560685800046,4.988724163952561,0.4991602452373698,0.3010386991800051,0.1998010555826249,1,Draw,Home Win
2023,02/09/2023,Chelsea,Nott'm Forest,-1,1.4,4.5,8.5,0.6775907883082374,0.2108060230292293,0.1116031886625332,0.5659875996457042,0.466784765279008,-0.0992028343666961,6.0,2.0,4.0,4.0,3.0,1.0,2.0,1.5,0.5,2.5,5,5,4,6,2.0,0.0,0.0,2.0,1.0,1.0,1.0,0.0,1.0,2.0,1,2,80,77,81,78,77,75,77,75,50.18155945055749,1887.912077446228,1536.8909369098587,2,4,0.0,0.0008547008547008,0.9096614642123,1.4573044871960752,1.806770715753998,1.2398031651095187,1.2398031651095187,0.535269765716828,0.3181950912198352,0.146535143063337,1,Away Win,Home Win
2023,02/09/2023,Brighton,Newcastle,1,2.5,3.8,2.55,0.3790338353217288,0.2493643653432426,0.3716017993350283,0.0074320359867005,0.1296694699784862,0.1222374339917856,7.0,5.0,2.0,6.0,3.0,3.0,2.5,0.0,2.0,1.0,9,6,5,4,0.0,0.0,2.0,3.0,2.0,1.0,0.0,0.0,1.0,2.0,6,11,77,77,77,78,81,79,81,82,50.18155945055749,1629.5328865486497,1717.945752802604,4,3,0.0,0.0008547008547008,0.5547982768963515,2.3894337614779544,-8.90403446207297,-3.7264202948925815,-3.7264202948925815,0.2255263928343408,0.3212896668512371,0.4531839403144224,-1,Home Win,Away Win
2023,03/09/2023,Crystal Palace,Wolves,1,1.91,3.3,4.33,0.4950748900815249,0.2865433454714281,0.2183817644470468,0.2766931256344781,0.2085315446100968,-0.0681615810243813,8.0,3.0,5.0,4.0,3.0,1.0,0.0,0.5,1.0,0.5,2,2,2,5,0.0,2.0,0.0,0.0,1.0,1.0,1.0,0.0,1.0,2.0,10,10,76,75,76,76,76,75,77,76,47.154055123734345,1741.1820952287603,1720.9028790383643,3,3,1.0,0.4811965811965812,1.0,1.0,-1.9168759902277728,-1.9168759902277728,-1.9168759902277728,0.3778208240498764,0.3976285161128438,0.2245506598372803,0,Home Win,Draw
2023,16/09/2023,Aston Villa,Crystal Palace,1,1.91,3.6,4.0,0.4979941900677825,0.2642135841748513,0.2377922257573661,0.2602019643104164,0.2337806058929312,-0.0264213584174851,15.0,5.0,10.0,6.0,7.0,-1.0,4.0,1.0,0.0,0.5,8,5,9,4,0.0,2.0,2.0,0.0,2.0,2.0,0.0,1.0,2.0,1.0,10,13,80,82,79,79,76,75,76,76,47.09393605339272,1619.279904388642,1739.2652192385328,4,3,0.0,0.0008547008547008,1.0,1.0,2.0677338631815587,2.0677338631815587,2.0677338631815587,0.3447176676015593,0.3817535376835333,0.2735287947149075,0,Home Win,Draw
2023,16/09/2023,Man United,Brighton,-1,2.15,4.0,2.88,0.4378230465186987,0.2353298875038005,0.3268470659775007,0.1109759805411979,0.2024931590148981,0.0915171784737002,15.0,6.0,9.0,6.0,9.0,-3.0,2.0,4.0,1.0,1.0,5,12,7,6,0.0,2.0,2.0,0.0,2.0,3.0,0.0,0.0,2.0,1.0,9,9,82,82,83,80,77,77,77,78,47.09393605339272,1846.3422667833563,1625.806466253757,2,4,1.0,0.4811965811965812,0.8235520185144231,1.6096782034694517,3.528959629711539,2.192338581776983,2.192338581776983,0.3538812029914311,0.3280231916782046,0.3180956053303647,1,Away Win,Home Win
2023,17/09/2023,Bournemouth,Chelsea,0,4.33,3.75,1.8,0.2192875590858145,0.2532040348910871,0.5275084060230983,-0.3082208469372838,-0.0339164758052726,0.2743043711320111,4.0,3.0,1.0,2.0,4.0,-2.0,0.5,1.0,1.5,3.0,4,5,8,5,0.0,0.0,0.0,2.0,0.0,1.0,2.0,1.0,2.0,2.0,1,10,75,75,75,74,80,77,81,78,50.118684060806,1685.3280901121038,1889.1518806113372,4,2,0.0,0.0008547008547008,0.7078154384821087,1.8728805018279424,-5.843691230357826,-3.120162351337605,-3.120162351337605,0.19055025821043,0.2630969657940132,0.5463527759955571,-1,Draw,Away Win
2023,23/09/2023,Luton,Wolves,0,3.25,3.4,2.2,0.2912772585669781,0.2784267912772585,0.4302959501557631,-0.139018691588785,0.0128504672897196,0.1518691588785046,0.0,3.0,-3.0,0.0,3.0,-3.0,1.0,1.0,2.0,1.3333333333333333,2,5,10,11,0.0,0.0,4.0,3.0,0.0,1.0,0.0,0.0,4.0,4.0,0,3,72,72,72,72,76,75,77,76,48.70775470923181,1410.534756326372,1720.7983094061187,4,3,1.0,0.4811965811965812,0.8184135921220471,1.6197846008259438,-3.6317281575590576,-2.2421056205295478,-2.2421056205295478,0.1845381102740134,0.3392254113567917,0.4762364783691948,-1,Draw,Away Win
2023,23/09/2023,Brentford,Everton,-1,1.8,3.8,4.2,0.5256916996047432,0.2490118577075098,0.225296442687747,0.3003952569169961,0.2766798418972332,-0.0237154150197628,9.0,6.0,3.0,6.0,1.0,5.0,1.6666666666666667,1.0,1.6666666666666667,3.0,8,2,6,9,0.0,0.0,2.0,2.0,1.0,0.0,3.0,1.0,1.0,4.0,4,7,76,75,76,76,77,79,77,75,48.70775470923181,1552.1027334008706,1761.625467631973,4,3,0.0,0.0008547008547008,0.2837927348982842,4.671203912605698,14.324145302034314,3.0664782719887724,3.0664782719887724,0.4605771054344489,0.3003815828425631,0.2390413117229882,1,Away Win,Home Win
2023,24/09/2023,Arsenal,Tottenham,0,1.67,4.33,4.33,0.5645371577574968,0.2177314211212516,0.2177314211212516,0.3468057366362451,0.3468057366362451,0.0,10.0,10.0,0.0,13.0,13.0,0.0,2.333333333333333,3.0,1.3333333333333333,1.3333333333333333,9,13,4,5,3.0,5.0,0.0,0.0,4.0,4.0,1.0,1.0,0.0,0.0,10,10,82,82,84,81,81,81,80,79,52.18795525548346,1889.545957847058,1901.387304819028,2,1,2.0,0.2837606837606837,0.5578038331282923,2.376559024686807,8.843923337434154,3.7213144069079633,5.262733304103633,0.5133750149405225,0.264212583331027,0.2224124017284506,1,Draw,Home Win
2023,24/09/2023,Chelsea,Aston Villa,-1,1.91,3.75,3.8,0.4970265604018067,0.2531521947646535,0.2498212448335396,0.247205315568267,0.2438743656371532,-0.0033309499311138,6.0,4.0,2.0,5.0,9.0,-4.0,1.3333333333333333,1.3333333333333333,0.6666666666666666,3.0,5,11,5,10,0.0,2.0,0.0,0.0,1.0,3.0,2.0,0.0,2.0,2.0,7,8,80,77,81,78,80,82,79,79,52.18795525548346,1892.272042962675,1621.3476382518236,2,4,0.0,0.0008547008547008,0.8652951132434696,1.5320249858535089,2.6940977351306072,1.7585207552145072,1.7585207552145072,0.4326292766236378,0.3070674755687628,0.2603032478075995,1,Away Win,Home Win
2023,30/09/2023,Aston Villa,Brighton,1,2.55,3.75,2.55,0.3731343283582089,0.253731343283582,0.3731343283582089,0.0,0.1194029850746268,0.1194029850746268,15.0,9.0,6.0,12.0,12.0,0.0,3.5,3.5,0.5,1.0,12,18,10,8,3.0,4.0,0.0,0.0,4.0,5.0,0.0,0.0,2.0,1.0,9,8,80,82,79,79,77,77,77,78,50.69080333211874,1619.589117496609,1627.3845697947309,4,4,1.0,0.4811965811965812,0.4385803849972801,3.022601509263024,-11.228392300054397,-3.714810657522673,-3.714810657522673,0.2890959466885753,0.3077759947082268,0.4031280586031984,-1,Home Win,Away Win
2023,30/09/2023,Everton,Luton,-1,1.57,3.8,6.5,0.6043404859191113,0.2496880428665801,0.1459714712143084,0.4583690147048028,0.3546524430525311,-0.1037165716522717,3.0,0.0,3.0,4.0,1.0,3.0,0.0,0.3333333333333333,1.0,2.6666666666666665,5,3,10,11,2.0,0.0,0.0,0.0,1.0,0.0,1.0,1.0,4.0,4.0,0,1,77,79,77,75,72,72,72,72,50.69080333211874,1758.5589893599845,1408.2926507058423,3,4,1.0,0.4811965811965812,0.9095452353143216,1.457490713112049,1.8090952937135696,1.2412396713326366,1.2412396713326366,0.5093883012376881,0.2703001382298954,0.220311560532417,1,Away Win,Home Win
2023,30/09/2023,Man United,Crystal Palace,-1,1.55,4.2,5.75,0.6102722850464338,0.2252195337671363,0.1645081811864299,0.4457641038600038,0.3850527512792975,-0.0607113525807063,12.0,5.0,7.0,6.0,5.0,1.0,1.6666666666666667,1.0,1.6666666666666667,1.3333333333333333,7,6,10,7,2.0,0.0,0.0,0.0,3.0,2.0,0.0,2.0,3.0,2.0,6,14,82,82,83,80,76,75,76,76,50.69080333211874,1851.852800028352,1732.1420726816434,2,3,1.0,0.4811965811965812,0.7272887549914595,1.8227337141236344,5.45422490017081,2.9923322632967198,2.9923322632967198,0.519307037095934,0.2928498674573805,0.1878430954466856,1,Away Win,Home Win
2023,30/09/2023,Wolves,Man City,1,8.0,5.75,1.33,0.1189578067275908,0.1655065137079525,0.7155356795644564,-0.5965778728368655,-0.0465487069803616,0.5500291658565039,7.0,10.0,-3.0,4.0,15.0,-11.0,1.0,2.6666666666666665,3.5,0.6666666666666666,6,16,12,3,0.0,6.0,0.0,0.0,1.0,6.0,1.0,0.0,4.0,0.0,3,21,76,75,77,76,85,87,86,83,50.69080333211874,1723.0404150266484,2051.795558051273,3,1,1.0,0.4811965811965812,0.8321115881511986,1.593120144584574,-3.357768236976028,-2.1076679297477643,-2.1076679297477643,0.0962446796941266,0.3337920245674022,0.5699632957384709,-1,Home Win,Away Win
2023,30/09/2023,Tottenham,Liverpool,1,2.9,4.0,2.15,0.3253262719878949,0.2358615471912237,0.4388121808208814,-0.1134859088329865,0.0894647247966711,0.2029506336296576,10.0,11.0,-1.0,13.0,15.0,-2.0,2.0,2.0,0.5,1.0,15,15,7,5,0.0,6.0,0.0,0.0,4.0,5.0,2.0,1.0,0.0,0.0,1,23,81,81,80,79,83,84,82,84,50.69080333211874,1896.1245715149244,2062.1159687001727,2,1,1.0,0.4811965811965812,0.6600963404489723,2.008273114685468,-6.7980731910205545,-3.385034207404233,-3.385034207404233,0.199788530639821,0.3360671563735086,0.46414431298667,-1,Home Win,Away Win
2023,08/10/2023,Brighton,Liverpool,0,3.0,3.8,2.2,0.3171471927162367,0.2503793626707132,0.4324734446130501,-0.1153262518968133,0.0667678300455235,0.1820940819423369,10.0,8.0,2.0,9.0,12.0,-3.0,2.75,1.75,1.5,1.25,19,16,14,7,0.0,0.0,2.0,2.0,5.0,5.0,0.0,1.0,2.0,1.0,4,15,77,77,77,78,83,84,82,84,48.90605215712709,1631.0993804522536,2065.501002907577,4,1,2.0,0.2837606837606837,0.9019508269149874,1.4697627565353797,-1.960983461700253,-1.3342176844396378,-1.8868687444925625,0.1960019853855489,0.2875286222209018,0.5164693923935496,-1,Draw,Away Win
2023,08/10/2023,West Ham,Newcastle,0,3.2,3.75,2.1,0.2961082910321489,0.2526790750141003,0.4512126339537506,-0.1551043429216017,0.0434292160180485,0.1985335589396503,12.0,5.0,7.0,9.0,9.0,0.0,2.0,3.0,1.3333333333333333,1.3333333333333333,13,18,10,7,2.0,4.0,0.0,0.0,4.0,4.0,1.0,0.0,2.0,3.0,1,18,78,78,79,78,81,79,81,82,48.90605215712709,1728.6866346986403,1731.4039306732393,3,3,0.0,0.0008547008547008,0.433917880684511,3.0550797573372668,-11.32164238630978,-3.705841839028598,-3.705841839028598,0.2086248358448335,0.3236545407803567,0.4677206233748101,-1,Draw,Away Win
2023,08/10/2023,Wolves,Aston Villa,0,3.5,3.4,2.1,0.2705570291777188,0.2785145888594165,0.4509283819628648,-0.1803713527851459,-0.0079575596816976,0.1724137931034483,7.0,7.0,0.0,7.0,12.0,-5.0,1.3333333333333333,1.25,2.6666666666666665,2.25,8,18,13,11,2.0,4.0,0.0,0.0,2.0,5.0,1.0,0.0,4.0,2.0,9,8,76,75,77,76,80,82,79,79,48.90605215712709,1720.9327470969006,1615.8743068390863,3,4,1.0,0.4811965811965812,0.2918758558060565,4.541841016499827,-14.16248288387887,-3.118225149763872,-3.118225149763872,0.2035641814993285,0.3776761010850833,0.4187597174155884,-1,Draw,Away Win
2023,08/10/2023,Arsenal,Man City,1,2.9,3.3,2.4,0.3239263803680982,0.2846625766871166,0.3914110429447853,-0.0674846625766871,0.0392638036809815,0.1067484662576687,11.0,9.0,2.0,11.0,12.0,-1.0,2.25,2.25,1.5,1.0,15,17,6,5,2.0,0.0,0.0,2.0,5.0,6.0,2.0,0.0,0.0,1.0,0,25,82,82,84,81,85,87,86,83,48.90605215712709,1897.8377745478963,2053.903225981021,2,1,1.0,0.4811965811965812,0.6495038606412578,2.0410251793070384,-7.009922787174844,-3.434510685240457,-3.434510685240457,0.2370908372879926,0.3095687139371103,0.4533404487748972,-1,Home Win,Away Win
2023,21/10/2023,Bournemouth,Wolves,-1,2.38,3.4,3.0,0.4010695187165775,0.2807486631016043,0.3181818181818181,0.0828877005347594,0.1203208556149732,0.0374331550802138,2.0,4.0,-2.0,2.0,5.0,-3.0,0.25,1.0,1.75,1.25,5,9,18,14,0.0,0.0,4.0,0.0,0.0,2.0,3.0,2.0,5.0,4.0,1,7,75,75,75,74,76,75,77,76,46.32192479319731,1672.149356104684,1717.8145219471369,4,3,0.0,0.0008547008547008,1.0,1.0,-0.0189030196058714,-0.0189030196058714,-0.0189030196058714,0.2653283807477594,0.4158135650485229,0.3188580542037184,0,Away Win,Draw
2023,21/10/2023,Nott'm Forest,Luton,0,1.67,3.75,5.5,0.5717651950932151,0.2546261002148451,0.1736087046919398,0.3981564904012752,0.31713909487837,-0.0810173955229052,11.0,3.0,8.0,6.0,4.0,2.0,1.3333333333333333,0.75,1.0,2.25,8,6,10,15,0.0,0.0,0.0,3.0,2.0,1.0,3.0,1.0,3.0,6.0,0,1,77,75,77,75,72,72,72,72,46.32192479319731,1542.1040986183707,1403.3728977733945,4,4,1.0,0.4811965811965812,0.7436928190579122,1.7825286188795468,5.126143618841756,2.8757707251084264,2.8757707251084264,0.5028493926607104,0.305623186035977,0.1915274213033124,1,Draw,Home Win
2023,21/10/2023,Chelsea,Arsenal,0,3.2,3.4,2.25,0.2973183054799844,0.2798289933929265,0.4228527011270889,-0.1255343956471045,0.0174893120870578,0.1430237077341624,5.0,12.0,-7.0,7.0,13.0,-6.0,1.0,2.0,0.75,0.0,11,16,7,6,3.0,3.0,0.0,0.0,3.0,6.0,2.0,2.0,3.0,0.0,1,19,80,77,81,78,82,82,84,81,46.32192479319731,1900.5386723936792,1894.403263862656,1,2,1.0,0.4811965811965812,0.425076292617379,3.118625424775661,-11.49847414765242,-3.687032772933789,-3.687032772933789,0.2212406785949569,0.3552979333342281,0.4234613880708152,-1,Draw,Away Win
2023,28/10/2023,Chelsea,Brentford,-1,1.65,4.0,5.25,0.5791106514994829,0.2388831437435367,0.1820062047569803,0.3971044467425026,0.3402275077559462,-0.0568769389865563,5.0,7.0,-2.0,8.0,4.0,4.0,1.2,1.25,1.0,1.0,13,14,9,12,0.0,2.0,0.0,0.0,3.0,2.0,3.0,4.0,3.0,3.0,0,8,80,77,81,78,76,75,76,76,47.47113183163868,1896.8516396207451,1559.5859646234592,2,4,2.0,0.2837606837606837,0.9015638800345082,1.4703935716404215,1.9687223993098368,1.3389084645639893,1.8935025093625304,0.472057954990708,0.3435668342259845,0.1843752107833073,1,Away Win,Home Win
2023,28/10/2023,Bournemouth,Burnley,1,2.15,3.5,3.3,0.4413450515857852,0.2711119602598395,0.2875429881543752,0.15380206343141,0.1702330913259457,0.0164310278945357,2.0,5.0,-3.0,1.0,3.0,-2.0,0.4,0.75,1.8,1.75,6,7,20,23,0.0,0.0,5.0,3.0,0.0,1.0,3.0,1.0,6.0,7.0,0,6,75,75,75,74,74,69,74,73,47.47113183163868,1672.1304530850782,1660.7145217137472,4,4,1.0,0.4811965811965812,1.0,1.0,-1.6788603864618843,-1.6788603864618843,-1.6788603864618843,0.2782241101535598,0.4278491671591095,0.2939267226873311,0,Home Win,Draw
2023,28/10/2023,Wolves,Newcastle,0,4.2,4.0,1.75,0.2247191011235955,0.2359550561797752,0.5393258426966292,-0.3146067415730337,-0.0112359550561797,0.3033707865168539,5.0,5.0,0.0,8.0,13.0,-5.0,1.25,2.75,2.25,1.5,11,24,15,9,2.0,2.0,0.0,0.0,3.0,5.0,2.0,1.0,4.0,3.0,6,14,76,75,77,76,81,79,81,82,47.47113183163868,1717.8334249667423,1738.7771733524498,3,3,0.0,0.0008547008547008,0.4618980376767434,2.870013781166327,-10.762039246465132,-3.749821452805573,-3.749821452805573,0.1804662980009778,0.3133006457643586,0.5062330562346634,-1,Draw,Away Win
2023,29/10/2023,West Ham,Everton,-1,2.15,3.5,3.3,0.4413450515857852,0.2711119602598395,0.2875429881543752,0.15380206343141,0.1702330913259457,0.0164310278945357,10.0,5.0,5.0,4.0,6.0,-2.0,2.0,1.25,1.5,2.25,16,9,16,14,0.0,0.0,2.0,2.0,4.0,2.0,2.0,1.0,3.0,6.0,7,10,78,78,79,78,77,79,77,75,47.958896580597326,1721.3096079438803,1760.850553833694,3,3,1.0,0.4811965811965812,1.0,1.0,-0.2422406977581537,-0.2422406977581537,-0.2422406977581537,0.2788673095308946,0.4180199557931499,0.3031127346759557,0,Away Win,Draw
2023,29/10/2023,Brighton,Fulham,0,1.55,4.2,5.5,0.6057427559984266,0.2235479218565622,0.1707093221450111,0.4350334338534155,0.3821948341418644,-0.052838599711551,10.0,5.0,5.0,7.0,7.0,0.0,2.6,0.8,1.6,1.8,22,8,18,15,0.0,0.0,2.0,2.0,5.0,3.0,1.0,2.0,3.0,4.0,1,11,77,77,77,78,77,76,77,76,47.958896580597326,1628.3462194580477,1597.3130066284295,4,4,0.0,0.0008547008547008,0.6117597126942794,2.1669516741917567,7.764805746114412,3.5832851459461263,3.5832851459461263,0.4846045726329274,0.3003584240007859,0.2150370033662869,1,Draw,Home Win
2023,04/11/2023,Brentford,West Ham,1,2.05,3.6,3.5,0.464002946050451,0.2642238998342846,0.2717731541152641,0.1922297919351869,0.1997790462161664,0.0075492542809795,6.0,7.0,-1.0,7.0,4.0,3.0,1.8,1.6,1.6,2.0,16,16,12,17,3.0,0.0,0.0,3.0,3.0,4.0,4.0,2.0,3.0,4.0,6,3,76,75,76,76,78,78,79,78,47.18320856398984,1557.6924621140963,1721.067367246122,4,3,2.0,0.2837606837606837,0.6612463174871772,2.0047805160769667,-6.775073650256456,-3.379459045977854,-4.779276816306322,0.2984460488596325,0.3504521008660369,0.351101850274331,-1,Home Win,Away Win
2023,04/11/2023,Everton,Brighton,0,3.1,3.6,2.2,0.3057915057915057,0.2633204633204633,0.4308880308880308,-0.125096525096525,0.0424710424710424,0.1675675675675675,3.0,6.0,-3.0,9.0,5.0,4.0,0.8,2.25,1.0,2.5,10,23,14,19,2.0,0.0,0.0,0.0,3.0,5.0,1.0,2.0,6.0,3.0,6,11,77,79,77,75,77,77,77,78,47.18320856398984,1761.0927945314522,1631.9295046039938,3,4,1.0,0.4811965811965812,0.2659767028210158,4.984097176804283,-14.680465943579684,-2.9454614191516515,-2.9454614191516515,0.2346352331806522,0.3261727377421765,0.4391920290771713,-1,Draw,Away Win
2023,04/11/2023,Sheffield United,Wolves,1,3.8,3.5,2.0,0.2508960573476702,0.2724014336917562,0.4767025089605735,-0.2258064516129032,-0.021505376344086,0.2043010752688172,1.0,7.0,-6.0,0.0,9.0,-9.0,0.8,1.2,3.0,1.2,7,13,29,17,0.0,0.0,7.0,0.0,0.0,3.0,1.0,3.0,9.0,4.0,3,10,73,72,74,72,76,75,77,76,47.18320856398984,1598.0579086351763,1714.083603513937,4,3,1.0,0.4811965811965812,0.5977957765979999,2.217569587343204,-8.044084468040003,-3.627432714604168,-3.627432714604168,0.2035250912993992,0.3502945206686673,0.4461803880319334,-1,Home Win,Away Win
2023,04/11/2023,Newcastle,Arsenal,1,2.8,3.2,2.6,0.3387622149837133,0.2964169381107491,0.3648208469055374,-0.026058631921824,0.0423452768729641,0.0684039087947882,12.0,10.0,2.0,11.0,11.0,0.0,2.6,2.0,0.6,0.5,26,23,11,8,0.0,2.0,0.0,0.0,5.0,7.0,2.0,3.0,3.0,0.0,3,22,81,79,81,82,82,82,84,81,47.18320856398984,1742.5269948052553,1899.684948855488,3,2,2.0,0.2837606837606837,0.6531842351085744,2.029524998265738,-6.9363152978285125,-3.4177037995371857,-4.833363065479546,0.2251940146620542,0.3385578270051059,0.4362481583328398,-1,Home Win,Away Win
2023,05/11/2023,Nott'm Forest,Aston Villa,1,4.2,3.75,1.85,0.2277764097512928,0.255109578921448,0.5171140113272593,-0.2893376015759665,-0.0273331691701551,0.2620044324058113,9.0,7.0,2.0,3.0,13.0,-10.0,1.5,1.2,1.25,2.0,10,26,15,14,0.0,3.0,2.0,0.0,2.0,7.0,4.0,1.0,4.0,2.0,1,7,77,75,77,75,80,82,79,79,44.30806940228702,1544.4603787494489,1624.8357033808895,4,4,0.0,0.0008547008547008,0.5517193016940061,2.4027684540954657,-8.965613966119877,-3.7313682684813783,-3.7313682684813783,0.1572220182417794,0.2704906592299647,0.5722873225282558,-1,Home Win,Away Win
2023,05/11/2023,Luton,Liverpool,0,12.0,6.5,1.22,0.0788505518544297,0.1455702495774087,0.7755791985681615,-0.6967286467137317,-0.066719697722979,0.6300089489907528,1.0,8.0,-7.0,4.0,10.0,-6.0,0.75,1.8,1.5,1.4,9,23,20,9,0.0,3.0,2.0,0.0,1.0,7.0,2.0,2.0,7.0,1.0,0,3,72,72,72,72,83,84,82,84,44.30806940228702,1398.3251405719782,2070.116083580319,4,1,1.0,0.4811965811965812,0.9737140161048888,1.3614405376733705,-0.5257196779022228,-0.3861495697789709,-0.3861495697789709,0.1004503021632783,0.2531377269880004,0.6464119708487212,-1,Draw,Away Win
2023,06/11/2023,Tottenham,Chelsea,-1,2.0,3.75,3.5,0.4751131221719458,0.2533936651583711,0.2714932126696833,0.2036199095022625,0.2217194570135747,0.0180995475113122,12.0,7.0,5.0,13.0,7.0,6.0,2.0,1.75,0.5,1.0,22,13,9,11,5.0,0.0,0.0,2.0,8.0,3.0,2.0,3.0,0.0,4.0,3,20,81,81,80,79,80,77,81,78,42.7578203941261,1898.6841741460423,1898.745142130108,2,2,2.0,0.2837606837606837,0.5611382433008688,2.362436974225536,8.777235133982623,3.715330918768749,5.254271374026858,0.3703399467586413,0.3429766832286458,0.2866833700127132,1,Away Win,Home Win
2023,11/11/2023,Wolves,Tottenham,1,3.1,3.75,2.2,0.3090466379471811,0.2554785540363364,0.4354748080164825,-0.1264281700693014,0.0535680839108447,0.1799962539801461,5.0,13.0,-8.0,8.0,12.0,-4.0,1.4,2.333333333333333,2.2,1.1666666666666667,14,23,19,13,0.0,0.0,2.0,2.0,3.0,8.0,3.0,2.0,5.0,1.0,4,13,76,75,77,76,81,81,80,79,42.49299007740079,1717.7110362285412,1903.938445520069,3,1,1.0,0.4811965811965812,0.6958052798259271,1.9052079253517331,-6.083894403481458,-3.193296816859645,-3.193296816859645,0.2078642568184902,0.3351634626693853,0.4569722805121245,-1,Home Win,Away Win
2023,11/11/2023,Crystal Palace,Everton,-1,2.45,3.2,3.0,0.3872529245663574,0.2964905203711174,0.3162565550625252,0.0709963695038322,0.09076240419524,0.0197660346914078,5.0,7.0,-2.0,7.0,7.0,0.0,0.8,1.2,1.0,1.8,10,11,13,15,2.0,0.0,0.0,0.0,4.0,3.0,3.0,2.0,4.0,6.0,5,16,76,75,76,76,77,79,77,75,42.49299007740079,1719.907739043691,1758.1473331123009,3,3,0.0,0.0008547008547008,1.0,1.0,-0.122416462480861,-0.122416462480861,-0.122416462480861,0.2999027688070744,0.3761105390963663,0.3239866920965593,0,Away Win,Draw
2023,11/11/2023,Bournemouth,Newcastle,1,4.75,4.0,1.73,0.2027096301720981,0.2407176858293665,0.5565726839985353,-0.3538630538264372,-0.0380080556572684,0.3158549981691688,4.0,5.0,-1.0,3.0,11.0,-8.0,0.6666666666666666,2.6,1.6666666666666667,1.6,9,27,27,11,0.0,2.0,2.0,0.0,1.0,6.0,3.0,2.0,7.0,3.0,1,9,75,75,75,74,81,79,81,82,42.49299007740079,1669.41992381124,1737.6936317397758,4,3,0.0,0.0008547008547008,0.5370334907032577,2.468474977026038,-9.259330185934848,-3.751032630312614,-3.751032630312614,0.1803579481727396,0.2782887066747275,0.5413533451525326,-1,Home Win,Away Win
2023,12/11/2023,Brighton,Sheffield United,0,1.25,5.75,13.0,0.7612985359643539,0.1654996817313812,0.0732017823042648,0.6880967536600892,0.5957988542329726,-0.0922978994271164,8.0,0.0,8.0,3.0,3.0,0.0,2.333333333333333,0.6,1.5,2.8,24,9,20,30,0.0,2.0,0.0,0.0,5.0,1.0,3.0,1.0,3.0,9.0,1,8,77,77,77,78,73,72,74,72,44.425995667933485,1634.8749660231454,1594.4304759205722,4,4,0.0,0.0008547008547008,0.619765682725699,2.138959562581421,7.60468634548602,3.5553202961482087,3.5553202961482087,0.5195470760219749,0.2768440701674581,0.2036088538105668,1,Draw,Home Win
2023,12/11/2023,Chelsea,Man City,0,5.0,3.7,1.73,0.1907841793091115,0.2578164585258263,0.5513993621650621,-0.3606151828559506,-0.0670322792167147,0.2935829036392358,4.0,9.0,-5.0,10.0,9.0,1.0,1.0,2.0,1.1666666666666667,0.8333333333333334,17,28,12,8,2.0,4.0,0.0,0.0,4.0,9.0,3.0,0.0,4.0,2.0,3,19,80,77,81,78,85,87,86,83,44.425995667933485,1893.4908707560808,2063.675277418282,2,1,1.0,0.4811965811965812,0.6734704360482823,1.968391873894964,-6.530591279034354,-3.31772924164329,-3.31772924164329,0.2076923095601525,0.2578721109569785,0.5344355794828689,-1,Draw,Away Win
2023,25/11/2023,Man City,Liverpool,0,1.73,4.2,4.2,0.5483028720626633,0.2258485639686684,0.2258485639686684,0.3224543080939949,0.3224543080939949,0.0,15.0,8.0,7.0,10.0,11.0,-1.0,3.2,1.6666666666666667,0.6,1.3333333333333333,32,27,12,10,0.0,2.0,0.0,0.0,9.0,8.0,1.0,3.0,2.0,1.0,8,10,85,87,86,83,83,84,82,84,45.80670337322236,2066.993006659925,2071.0518212366496,1,1,0.0,0.0008547008547008,0.5597925476400196,2.368116080170492,8.804149047199608,3.7177861004878414,3.7177861004878414,0.6468512599493306,0.214739993168364,0.1384087468823056,1,Draw,Home Win
2023,25/11/2023,Luton,Crystal Palace,1,3.6,3.3,2.1,0.2627986348122866,0.2866894197952218,0.4505119453924914,-0.1877133105802047,-0.0238907849829351,0.1638225255972695,2.0,7.0,-5.0,2.0,4.0,-2.0,0.8,1.0,1.4,1.3333333333333333,10,12,22,16,0.0,0.0,2.0,2.0,1.0,4.0,3.0,3.0,8.0,5.0,0,1,72,72,72,72,76,75,76,76,45.80670337322236,1397.1857831533591,1719.78532258121,4,3,1.0,0.4811965811965812,0.831086572162457,1.5950850104299414,-3.37826855675086,-2.117923831432832,-2.117923831432832,0.2301711517096056,0.3300827886872951,0.4397460596030994,-1,Home Win,Away Win
2023,25/11/2023,Newcastle,Chelsea,1,2.55,3.5,2.63,0.3706238801763534,0.2700259698427717,0.3593501499808749,0.0112737301954784,0.1005979103335816,0.0893241801381032,12.0,10.0,2.0,8.0,8.0,0.0,2.333333333333333,2.2,0.5,1.0,27,21,13,16,0.0,0.0,2.0,0.0,6.0,4.0,2.0,4.0,4.0,4.0,6,19,81,79,81,82,80,77,81,78,45.80670337322236,1741.4446643700885,1890.173141514438,3,2,1.0,0.4811965811965812,0.6439306124789391,2.0586903432383323,-7.121387750421217,-3.459183540550946,-3.459183540550946,0.2712456577463051,0.3571084370179171,0.3716459052357779,-1,Home Win,Away Win
2023,26/11/2023,Tottenham,Aston Villa,-1,2.3,3.8,2.8,0.4120836560805577,0.249419054996127,0.3384972889233152,0.0735863671572424,0.1626646010844307,0.0890782339271882,12.0,7.0,5.0,9.0,10.0,-1.0,1.8,1.0,1.2,2.0,24,29,15,17,0.0,2.0,3.0,0.0,8.0,8.0,2.0,1.0,2.0,3.0,6,9,81,81,80,79,80,82,79,79,44.44972321159863,1907.1317423369287,1632.1367223456762,1,4,1.0,0.4811965811965812,1.0,1.0,-7.256304354852383,-7.256304354852383,-7.256304354852383,0.2982867175741593,0.3508904561221207,0.3508228263037201,0,Away Win,Draw
2023,26/11/2023,Everton,Man United,-1,2.7,3.4,2.55,0.3505154639175257,0.2783505154639175,0.3711340206185567,-0.0206185567010309,0.0721649484536082,0.0927835051546391,4.0,9.0,-5.0,10.0,12.0,-2.0,0.8333333333333334,1.0,1.0,1.2,14,13,17,16,2.0,3.0,0.0,0.0,4.0,7.0,2.0,0.0,6.0,5.0,4,16,77,79,77,75,82,82,83,80,44.44972321159863,1758.2697495747816,1858.0624711781204,3,2,1.0,0.4811965811965812,1.0,1.0,1.579562517041585,1.579562517041585,1.579562517041585,0.2541026055794009,0.3952081202557369,0.3506892741648625,0,Away Win,Draw
2023,27/11/2023,Fulham,Wolves,1,2.38,3.3,3.0,0.3976861894432393,0.2868161002651241,0.3154977102916365,0.0821884791516028,0.1108700891781152,0.0286816100265123,6.0,7.0,-1.0,4.0,8.0,-4.0,0.8,1.1666666666666667,1.4,1.3333333333333333,10,16,20,20,0.0,2.0,3.0,0.0,3.0,4.0,3.0,3.0,6.0,5.0,1,11,77,76,77,76,76,75,77,76,44.02396757376282,1587.5202069207533,1714.5177394116815,4,3,0.0,0.0008547008547008,1.0,1.0,2.343781564647519,2.343781564647519,2.343781564647519,0.2632121679976785,0.3818268962832192,0.3549609357191026,0,Home Win,Draw
2023,03/12/2023,Bournemouth,Aston Villa,0,3.4,4.0,1.95,0.2782732786300392,0.2365322868355333,0.4851944345344273,-0.2069211559043881,0.0417409917945059,0.248662147698894,7.0,7.0,0.0,9.0,12.0,-3.0,0.8571428571428571,1.1428571428571428,1.4285714285714286,1.8571428571428568,14,31,28,18,3.0,3.0,0.0,0.0,3.0,9.0,3.0,1.0,7.0,3.0,6,6,75,75,75,74,80,82,79,79,50.53106097580528,1669.4144823319264,1639.3930267005285,4,4,1.0,0.4811965811965812,0.3861090272769873,3.4333663291299783,-12.277819454460252,-3.57602955160671,-3.57602955160671,0.1842033149231421,0.2693821703180661,0.5464145147587918,-1,Draw,Away Win
2023,03/12/2023,Man City,Tottenham,0,1.29,6.0,9.0,0.7361963190184049,0.158282208588957,0.105521472392638,0.6306748466257668,0.5779141104294478,-0.052760736196319,13.0,10.0,3.0,11.0,6.0,5.0,2.833333333333333,2.142857142857143,0.6666666666666666,1.2857142857142858,33,25,13,17,0.0,0.0,0.0,4.0,9.0,8.0,2.0,2.0,2.0,3.0,7,16,85,87,86,83,81,81,80,79,50.53106097580528,2070.710792760413,1899.8754379820764,1,2,0.0,0.0008547008547008,0.78147581755065,1.6963464560949346,4.370483648987,2.5764098090245366,2.5764098090245366,0.6474870699875479,0.1703479881435678,0.1821649418688847,1,Draw,Home Win
2023,06/12/2023,Crystal Palace,Bournemouth,-1,2.25,3.5,3.1,0.4221789883268482,0.2714007782101167,0.306420233463035,0.1157587548638132,0.1507782101167315,0.0350194552529182,5.0,4.0,1.0,4.0,10.0,-6.0,1.0,1.3333333333333333,1.3333333333333333,3.0,14,16,19,30,0.0,0.0,0.0,0.0,4.0,3.0,4.0,4.0,6.0,7.0,6,3,76,75,76,76,75,75,75,74,49.72148434883518,1723.7035225206146,1665.8384527803196,3,4,1.0,0.4811965811965812,1.0,1.0,-3.001268399246781,-3.001268399246781,-3.001268399246781,0.2987364872354006,0.3918973192757009,0.3093661934888986,0,Away Win,Draw
2023,06/12/2023,Fulham,Nott'm Forest,1,2.0,3.4,3.75,0.4713493530499075,0.277264325323475,0.2513863216266174,0.2199630314232901,0.1940850277264325,-0.0258780036968576,9.0,4.0,5.0,4.0,3.0,1.0,1.1666666666666667,0.8571428571428571,1.5,1.8571428571428568,16,16,26,22,0.0,0.0,2.0,4.0,4.0,3.0,3.0,4.0,7.0,7.0,3,3,77,76,77,76,77,75,77,75,49.72148434883518,1589.206348272641,1527.620964168893,4,4,2.0,0.2837606837606837,1.0,1.0,-3.098386546470193,-3.098386546470193,-3.098386546470193,0.2943350782355323,0.4167751720187231,0.2888897497457452,0,Home Win,Draw
2023,06/12/2023,Aston Villa,Man City,1,4.75,4.2,1.7,0.2030427982368832,0.229631736101237,0.5673254656618798,-0.3642826674249965,-0.0265889378643537,0.3376937295606428,15.0,7.0,8.0,10.0,9.0,1.0,3.8333333333333335,2.2857142857142856,0.8333333333333334,1.2857142857142858,33,36,20,16,0.0,0.0,0.0,0.0,9.0,9.0,2.0,3.0,3.0,2.0,1,25,80,82,79,79,85,87,86,83,49.72148434883518,1642.9690562521353,2073.2872025694373,4,1,1.0,0.4811965811965812,0.8994284870133812,1.4738845308623347,-2.0114302597323768,-1.36471359703839,-1.36471359703839,0.2022420751058288,0.2929831311564903,0.504774793737681,-1,Home Win,Away Win
2023,06/12/2023,Man United,Chelsea,1,2.88,3.4,2.45,0.3308443879577409,0.2802446580347923,0.3889109540074668,-0.0580665660497259,0.0505997299229485,0.1086662959726745,6.0,10.0,-4.0,9.0,7.0,2.0,1.1428571428571428,2.0,1.4285714285714286,1.5,16,25,17,22,0.0,2.0,2.0,0.0,8.0,5.0,0.0,4.0,6.0,5.0,8,8,82,82,83,80,80,77,81,78,49.72148434883518,1852.86611504373,1895.56204315078,2,2,0.0,0.0008547008547008,1.0,1.0,-0.2021842067193202,-0.2021842067193202,-0.2021842067193202,0.2923544817724997,0.3805588471413911,0.3270866710861095,0,Home Win,Draw
2023,07/12/2023,Everton,Newcastle,1,3.25,3.25,2.25,0.2903225806451613,0.2903225806451613,0.4193548387096774,-0.129032258064516,0.0,0.129032258064516,4.0,5.0,-1.0,10.0,10.0,0.0,0.7142857142857143,2.1666666666666665,1.2857142857142858,1.6666666666666667,15,32,20,14,2.0,3.0,0.0,0.0,5.0,8.0,2.0,2.0,7.0,4.0,4,17,77,79,77,75,81,79,81,82,49.449422769000215,1762.747745923968,1741.6022744468864,3,3,0.0,0.0008547008547008,0.3997811952315624,3.315948197258473,-12.004376095368752,-3.6201940987177097,-3.6201940987177097,0.241995943674545,0.3737391017548381,0.3842649545706172,-1,Home Win,Away Win
2023,07/12/2023,Tottenham,West Ham,-1,1.75,4.2,4.2,0.5454545454545454,0.2272727272727272,0.2272727272727272,0.3181818181818182,0.3181818181818182,0.0,9.0,6.0,3.0,4.0,7.0,-3.0,1.6666666666666667,1.7142857142857142,1.3333333333333333,2.0,28,24,20,24,0.0,0.0,0.0,0.0,8.0,6.0,3.0,3.0,3.0,5.0,10,9,81,81,80,79,78,78,79,78,49.449422769000215,1897.299028173052,1732.8090855421003,2,3,2.0,0.2837606837606837,0.7740869445586379,1.7125385500226806,4.518261108827241,2.638341255890212,3.731177986248402,0.5099788062577926,0.2759493599605844,0.2140718337816229,1,Away Win,Home Win
2023,09/12/2023,Brighton,Burnley,0,1.5,4.75,6.0,0.638655462184874,0.2016806722689075,0.1596638655462185,0.4789915966386555,0.4369747899159664,-0.042016806722689,9.0,3.0,6.0,8.0,3.0,5.0,2.125,0.7142857142857143,1.375,1.8571428571428568,32,15,27,33,2.0,0.0,0.0,2.0,7.0,2.0,4.0,1.0,4.0,12.0,2,7,77,77,77,78,74,69,74,73,49.31525519407652,1644.9213560061587,1652.7920078026248,4,4,0.0,0.0008547008547008,0.5593622817376985,2.3699376538362573,8.812754365246029,3.718559579396816,3.718559579396816,0.4897253280764579,0.3187426081931875,0.1915320637303542,1,Draw,Home Win
2023,09/12/2023,Man United,Bournemouth,-1,1.55,4.33,5.75,0.6144269091716742,0.219944967486396,0.1656281233419295,0.4487987858297446,0.3944819416852781,-0.0543168441444665,9.0,6.0,3.0,12.0,10.0,2.0,1.25,1.4285714285714286,1.375,2.571428571428572,18,18,18,30,2.0,2.0,0.0,0.0,9.0,4.0,0.0,4.0,6.0,7.0,6,4,82,82,83,80,75,75,75,74,49.31525519407652,1852.6639308370109,1668.8397211795664,2,4,3.0,0.147008547008547,0.7928282803373861,1.6720565682417488,4.143434393252279,2.478046779008982,4.292102924775963,0.525601971815126,0.2892079882671997,0.1851900399176746,1,Away Win,Home Win
2023,09/12/2023,Sheffield United,Brentford,1,4.2,3.8,1.75,0.2219626168224299,0.2453271028037383,0.5327102803738317,-0.3107476635514018,-0.0233644859813084,0.2873831775700934,3.0,4.0,-1.0,4.0,6.0,-2.0,0.875,1.1428571428571428,2.625,1.2857142857142858,11,23,41,21,0.0,0.0,4.0,2.0,1.0,5.0,2.0,4.0,12.0,6.0,0,3,73,72,74,72,76,75,76,76,49.31525519407652,1582.6727645040764,1549.2319950109822,4,4,1.0,0.4811965811965812,0.3831068330431949,3.460271703053834,-12.3378633391361,-3.5655764627521656,-3.5655764627521656,0.1624590503443296,0.245691948455877,0.5918490011997929,-1,Home Win,Away Win
2023,09/12/2023,Wolves,Nott'm Forest,0,1.85,3.6,4.33,0.5151610291323099,0.2647355288596593,0.2201034420080307,0.2950575871242791,0.2504255002726506,-0.0446320868516285,11.0,1.0,10.0,6.0,3.0,3.0,1.4285714285714286,0.75,1.7142857142857142,2.25,20,16,25,27,2.0,0.0,0.0,5.0,5.0,3.0,3.0,4.0,7.0,8.0,3,2,76,75,77,76,77,75,77,75,49.31525519407652,1713.247181882042,1530.719350715363,3,4,1.0,0.4811965811965812,0.7915998651491337,1.6746512878399618,4.168002697017325,2.488877969570248,2.488877969570248,0.3969567602540922,0.3880149837447175,0.2150282560011903,1,Draw,Home Win
2023,09/12/2023,Aston Villa,Arsenal,1,3.3,3.6,2.1,0.2866894197952218,0.2627986348122866,0.4505119453924914,-0.1638225255972695,0.0238907849829351,0.1877133105802047,15.0,10.0,5.0,10.0,12.0,-2.0,3.4285714285714284,1.8571428571428568,0.7142857142857143,0.8571428571428571,34,33,20,14,2.0,5.0,0.0,0.0,10.0,11.0,2.0,3.0,3.0,1.0,6,15,80,82,79,79,82,82,84,81,49.31525519407652,1641.6043426550968,1912.4597748039089,4,1,1.0,0.4811965811965812,0.781646583493644,1.6959758561225982,-4.367068330127119,-2.57495902100356,-2.57495902100356,0.2417335162254683,0.2816081925659884,0.4766582912085436,-1,Home Win,Away Win
2023,10/12/2023,Everton,Chelsea,1,3.1,3.5,2.25,0.306420233463035,0.2714007782101167,0.4221789883268482,-0.1157587548638132,0.0350194552529182,0.1507782101167315,7.0,9.0,-2.0,10.0,7.0,3.0,1.0,1.8571428571428568,1.125,1.5714285714285714,18,26,20,24,3.0,0.0,0.0,2.0,6.0,5.0,2.0,4.0,7.0,6.0,9,14,77,79,77,75,80,77,81,78,48.0883636937315,1759.1275518252503,1895.7642273574988,3,2,1.0,0.4811965811965812,0.6247420192284351,2.121921837854187,-7.505159615431298,-3.5369632761878544,-3.5369632761878544,0.2345700693902019,0.3802741233686857,0.3851558072411127,-1,Home Win,Away Win
2023,10/12/2023,Fulham,West Ham,1,2.38,3.5,2.9,0.3998896856039713,0.2719249862107005,0.3281853281853282,0.0717043574186431,0.1279646993932708,0.0562603419746277,9.0,6.0,3.0,6.0,10.0,-4.0,1.7142857142857142,1.75,1.2857142857142858,1.875,21,26,26,25,2.0,2.0,0.0,0.0,5.0,7.0,3.0,3.0,7.0,5.0,1,10,77,76,77,76,78,78,79,78,48.0883636937315,1586.1079617261707,1729.077907555852,4,3,0.0,0.0008547008547008,0.6332494007408946,2.093414904261949,-7.335011985182108,-3.503850082584621,-3.503850082584621,0.2375642894622205,0.376417990078967,0.3860177204588126,-1,Home Win,Away Win
2023,10/12/2023,Tottenham,Newcastle,1,2.15,3.8,3.1,0.4426075521322562,0.250422693969566,0.3069697538981777,0.1356377982340785,0.1921848581626902,0.0565470599286117,6.0,5.0,1.0,1.0,9.0,-8.0,1.5714285714285714,1.8571428571428568,1.4285714285714286,1.8571428571428568,29,32,22,17,0.0,0.0,2.0,2.0,8.0,8.0,3.0,2.0,4.0,5.0,4,14,81,81,80,79,81,79,81,82,48.0883636937315,1901.0302061593004,1745.2224685456042,1,3,1.0,0.4811965811965812,1.0,1.0,-5.2763364102614,-5.2763364102614,-5.2763364102614,0.3223351607303256,0.3464139112554605,0.3312509280142141,0,Home Win,Draw
2023,16/12/2023,Man City,Crystal Palace,0,1.18,8.0,13.0,0.8075788165864264,0.1191178754464978,0.0733033079670756,0.7342755086193508,0.6884609411399285,-0.0458145674794222,11.0,7.0,4.0,6.0,1.0,5.0,2.857142857142857,1.0,1.0,1.375,38,15,18,23,2.0,0.0,0.0,3.0,10.0,4.0,3.0,4.0,3.0,8.0,7,5,85,87,86,83,76,75,76,76,44.20198982704075,2075.022291733119,1718.760803896169,1,3,2.0,0.2837606837606837,0.9093111637613822,1.4578658950389942,1.813776724772356,1.2441313916077594,1.7594674873858058,0.7733686811870307,0.1318745672743236,0.0947567515386455,1,Draw,Home Win
2023,17/12/2023,West Ham,Wolves,1,2.15,3.5,3.3,0.4413450515857852,0.2711119602598395,0.2875429881543752,0.15380206343141,0.1702330913259457,0.0164310278945357,8.0,4.0,4.0,10.0,7.0,3.0,1.7142857142857142,1.25,1.4285714285714286,1.625,26,21,30,26,0.0,0.0,2.0,0.0,7.0,5.0,3.0,4.0,6.0,7.0,9,12,78,78,79,78,76,75,77,76,45.33604876351127,1732.5817576384366,1715.7360598516125,3,3,2.0,0.2837606837606837,1.0,1.0,-1.770866947170422,-1.770866947170422,-1.770866947170422,0.2967688261719848,0.4101959045358937,0.2930352692921217,0,Home Win,Draw
2023,17/12/2023,Liverpool,Man United,0,1.3,6.0,8.0,0.7250755287009064,0.1570996978851964,0.1178247734138973,0.6072507552870091,0.56797583081571,-0.0392749244712991,15.0,12.0,3.0,13.0,9.0,4.0,3.0,1.1428571428571428,0.7142857142857143,1.0,36,18,15,21,4.0,0.0,0.0,2.0,11.0,9.0,4.0,0.0,1.0,7.0,10,6,83,84,82,84,82,82,83,80,45.33604876351127,2070.989500233324,1856.9560337617868,1,2,0.0,0.0008547008547008,0.8165357617029811,1.6235097050264282,3.669284765940377,2.2600941371524765,2.2600941371524765,0.6751743590096431,0.1853624517096696,0.1394631892806881,1,Draw,Home Win
2023,21/12/2023,Crystal Palace,Brighton,0,3.3,3.3,2.15,0.2828947368421052,0.2828947368421052,0.4342105263157894,-0.1513157894736841,0.0,0.1513157894736841,1.0,4.0,-3.0,2.0,7.0,-5.0,0.875,1.875,1.5,2.25,17,33,25,30,0.0,0.0,0.0,2.0,4.0,7.0,5.0,5.0,8.0,5.0,4,11,76,75,76,76,77,77,77,78,44.5396430777382,1717.0013364087831,1646.7961116557765,3,4,0.0,0.0008547008547008,0.340621787297522,3.8918641820994897,-13.18756425404956,-3.3884954965040555,-3.3884954965040555,0.2406612842777613,0.3683798732265149,0.3909588424957241,-1,Draw,Away Win
2023,22/12/2023,Aston Villa,Sheffield United,0,1.22,6.5,12.0,0.7755791985681615,0.1455702495774087,0.0788505518544297,0.6967286467137317,0.6300089489907528,-0.066719697722979,15.0,1.0,14.0,13.0,3.0,10.0,3.125,0.5,0.625,2.75,37,12,21,43,4.0,0.0,0.0,2.0,12.0,2.0,2.0,2.0,3.0,13.0,4,7,80,82,79,79,73,72,74,72,43.55057575868448,1642.7493291375474,1577.63810515894,4,4,0.0,0.0008547008547008,0.6514701277012311,2.034864957359781,6.970597445975377,3.425582332018565,3.425582332018565,0.5005419127858909,0.3263434686528544,0.1731146185612546,1,Draw,Home Win
2023,23/12/2023,West Ham,Man United,1,2.6,3.6,2.6,0.3673469387755102,0.2653061224489796,0.3673469387755102,0.0,0.1020408163265305,0.1020408163265305,8.0,10.0,-2.0,10.0,7.0,3.0,1.875,1.0,1.25,0.875,29,18,30,21,2.0,0.0,0.0,0.0,8.0,9.0,3.0,1.0,6.0,7.0,6,19,78,78,79,78,82,82,83,80,45.3708776909914,1730.8108906912662,1854.6959396246343,3,2,1.0,0.4811965811965812,1.0,1.0,2.222121347163004,2.222121347163004,2.222121347163004,0.2607262616020852,0.3743057654023566,0.3649679729955584,0,Home Win,Draw
2023,23/12/2023,Fulham,Burnley,-1,1.67,3.75,5.25,0.5670771224886585,0.2525383452149492,0.1803845322963923,0.3866925901922662,0.3145387772737092,-0.0721538129185569,12.0,1.0,11.0,9.0,4.0,5.0,2.125,0.75,1.125,1.75,26,16,29,36,0.0,0.0,2.0,2.0,6.0,2.0,3.0,2.0,8.0,13.0,0,5,77,76,77,76,74,69,74,73,45.3708776909914,1579.9504369523097,1645.4205016722844,4,4,2.0,0.2837606837606837,0.4711071687959862,2.8139111892818884,10.577856624080276,3.759129522058495,5.316211952812215,0.494282552386383,0.2989904873760528,0.2067269602375641,1,Away Win,Home Win
2023,23/12/2023,Luton,Newcastle,1,4.75,4.2,1.65,0.1996111471160077,0.2257507020954849,0.5746381507885073,-0.3750270036724995,-0.0261395549794772,0.3488874486930223,4.0,2.0,2.0,3.0,9.0,-6.0,1.25,1.75,1.75,2.125,17,36,32,21,0.0,2.0,4.0,0.0,2.0,9.0,3.0,2.0,11.0,6.0,0,1,72,72,72,72,81,79,81,82,45.3708776909914,1391.0719263708795,1753.152479647142,4,3,1.0,0.4811965811965812,0.8609409725741436,1.539773080682105,-2.781180548517128,-1.8062275431423247,-1.8062275431423247,0.1466124922560925,0.2861390562633926,0.5672484514805146,-1,Home Win,Away Win
2023,24/12/2023,Wolves,Chelsea,1,3.75,3.75,1.91,0.2523117569352708,0.2523117569352708,0.4953764861294584,-0.2430647291941876,0.0,0.2430647291941876,9.0,6.0,3.0,4.0,6.0,-2.0,1.375,1.625,1.625,1.625,21,28,29,26,0.0,2.0,2.0,0.0,5.0,6.0,4.0,4.0,8.0,7.0,7,12,76,75,77,76,80,77,81,78,44.36245856832092,1717.5069267987826,1900.770273516071,3,1,1.0,0.4811965811965812,0.6898841582452128,1.9215598992704304,-6.202316835095745,-3.227750973285097,-3.227750973285097,0.2012936660437247,0.3229165142809317,0.4757898196753435,-1,Home Win,Away Win
2023,26/12/2023,Newcastle,Nott'm Forest,-1,1.5,4.33,5.75,0.6221653026800774,0.215530705316424,0.1623039920034984,0.459861310676579,0.4066345973636533,-0.0532267133129255,15.0,2.0,13.0,6.0,1.0,5.0,2.4444444444444446,0.7777777777777778,0.4444444444444444,2.111111111111111,36,19,22,33,0.0,0.0,2.0,3.0,9.0,3.0,2.0,5.0,7.0,10.0,3,0,81,79,81,82,77,75,77,75,43.897284805688734,1754.9587071902845,1522.2320342120029,3,4,2.0,0.2837606837606837,0.830950057379518,1.595347063103305,3.38099885240964,2.1192873517019204,2.9971249153426154,0.5763515499118523,0.2614895216640828,0.1621589284240649,1,Away Win,Home Win
2023,26/12/2023,Bournemouth,Fulham,1,2.15,3.6,3.2,0.4407039020657995,0.2631981637337414,0.296097934200459,0.1446059678653404,0.1775057383320581,0.0328997704667176,7.0,1.0,6.0,13.0,6.0,7.0,1.0,1.0,1.5,2.2222222222222223,24,26,32,31,4.0,0.0,0.0,3.0,6.0,6.0,4.0,3.0,7.0,9.0,3,4,75,75,75,74,77,76,77,76,43.897284805688734,1668.0592060673573,1585.266648905122,4,4,1.0,0.4811965811965812,0.3253515711780249,4.07452691507234,-13.492968576439502,-3.311542384596064,-3.311542384596064,0.310740214010902,0.3105388928023036,0.3787208931867943,-1,Home Win,Away Win
2023,26/12/2023,Sheffield United,Luton,-1,2.3,3.3,3.1,0.4100200400801603,0.2857715430861723,0.3042084168336673,0.105811623246493,0.1242484969939879,0.0184368737474949,6.0,4.0,2.0,4.0,6.0,-2.0,0.8888888888888888,0.875,2.333333333333333,2.25,13,18,44,32,0.0,2.0,0.0,0.0,2.0,3.0,3.0,3.0,13.0,11.0,0,0,73,72,74,72,72,72,72,72,43.897284805688734,1574.2125228269213,1389.2656988277374,4,4,1.0,0.4811965811965812,1.0,1.0,-5.774751513336282,-5.774751513336282,-5.774751513336282,0.2854396354271005,0.4003446654194621,0.3142156991534377,0,Away Win,Draw
2023,26/12/2023,Man United,Aston Villa,1,2.6,3.5,2.6,0.3645833333333333,0.2708333333333333,0.3645833333333333,0.0,0.09375,0.09375,9.0,8.0,1.0,4.0,11.0,-7.0,1.1111111111111112,1.3333333333333333,1.5555555555555556,1.7777777777777777,18,38,23,22,0.0,0.0,2.0,0.0,9.0,12.0,1.0,3.0,8.0,3.0,7,8,82,82,83,80,80,82,79,79,43.897284805688734,1852.4738182774715,1646.174911469566,2,4,1.0,0.4811965811965812,1.0,1.0,-6.169851928101602,-6.169851928101602,-6.169851928101602,0.3041811447349029,0.3548587311292689,0.3409601241358282,0,Home Win,Draw
2023,27/12/2023,Brentford,Wolves,-1,1.95,3.5,4.2,0.4946996466431095,0.2756183745583038,0.2296819787985865,0.265017667844523,0.2190812720848057,-0.0459363957597173,9.0,3.0,6.0,3.0,7.0,-4.0,1.7777777777777777,1.1111111111111112,1.5555555555555556,1.7777777777777777,24,23,24,30,0.0,2.0,4.0,0.0,5.0,6.0,4.0,4.0,8.0,8.0,1,7,76,75,76,76,76,75,77,76,44.45605802382727,1549.0776259702805,1714.2791758254975,4,3,0.0,0.0008547008547008,0.3329068602989823,3.982055919290376,13.34186279402035,3.3504960915762187,3.3504960915762187,0.3715188504928683,0.3607175458342607,0.2677636036728713,1,Away Win,Home Win
2023,28/12/2023,Brighton,Tottenham,1,2.5,3.6,2.6,0.3765084473049075,0.2614641995172969,0.3620273531777956,0.0144810941271119,0.1150442477876106,0.1005631536604987,7.0,10.0,-3.0,5.0,10.0,-5.0,2.0,2.2222222222222223,1.3333333333333333,1.3333333333333333,34,37,31,24,0.0,4.0,0.0,0.0,7.0,11.0,6.0,3.0,5.0,4.0,6,18,77,77,77,78,81,81,80,79,45.51067160904727,1650.1846071522805,1901.12201526259,4,1,1.0,0.4811965811965812,0.7654026424639654,1.731969110216846,-4.691947150720692,-2.7090247297385406,-2.7090247297385406,0.2259295846212355,0.3090871835739509,0.4649832318048138,-1,Home Win,Away Win
2023,28/12/2023,Arsenal,West Ham,-1,1.33,5.5,7.5,0.7046463956269218,0.1703963102152374,0.1249572941578407,0.579689101469081,0.5342500854116843,-0.0454390160573966,15.0,6.0,9.0,10.0,10.0,0.0,2.4444444444444446,1.5555555555555556,0.8888888888888888,2.2222222222222223,36,31,16,30,0.0,3.0,0.0,0.0,12.0,9.0,4.0,3.0,2.0,6.0,12,2,82,82,84,81,78,78,79,78,45.51067160904727,1922.109987147024,1733.0330120384292,1,3,1.0,0.4811965811965812,0.7941942058534376,1.669180817305756,4.116115882931249,2.4659496683978905,2.4659496683978905,0.6048793026688014,0.2633680004453711,0.1317526968858279,1,Away Win,Home Win
2023,30/12/2023,Crystal Palace,Brentford,1,2.2,3.3,3.4,0.4322033898305084,0.288135593220339,0.2796610169491525,0.1525423728813559,0.1440677966101694,-0.0084745762711864,1.0,3.0,-2.0,2.0,3.0,-1.0,0.8888888888888888,1.0,1.4444444444444444,1.25,19,25,28,28,0.0,0.0,2.0,5.0,4.0,5.0,6.0,4.0,9.0,9.0,2,5,76,75,76,76,76,75,76,76,45.5027040709573,1711.1490092828972,1552.4281220618566,3,4,0.0,0.0008547008547008,1.0,1.0,-5.283134796432143,-5.283134796432143,-5.283134796432143,0.3157607068235811,0.3998763741382947,0.2843629190381244,0,Home Win,Draw
2023,30/12/2023,Wolves,Everton,1,2.63,3.3,2.7,0.3608748481166464,0.287606318347509,0.3515188335358444,0.0093560145808019,0.0732685297691373,0.0639125151883353,11.0,12.0,-1.0,10.0,9.0,1.0,1.4444444444444444,1.4444444444444444,1.5555555555555556,1.4444444444444444,27,24,31,25,3.0,0.0,0.0,3.0,7.0,8.0,4.0,2.0,8.0,9.0,7,10,76,75,77,76,77,79,77,75,45.5027040709573,1710.9286797339214,1753.3575693531077,3,3,1.0,0.4811965811965812,1.0,1.0,-0.088469183481612,-0.088469183481612,-0.088469183481612,0.2606082324046438,0.3946395942977237,0.3447521732976328,0,Home Win,Draw
2023,30/12/2023,Nott'm Forest,Man United,1,3.2,3.6,2.15,0.296097934200459,0.2631981637337414,0.4407039020657995,-0.1446059678653404,0.0328997704667176,0.1775057383320581,3.0,7.0,-4.0,4.0,7.0,-3.0,1.3333333333333333,0.8888888888888888,1.5555555555555556,1.0,22,21,34,25,2.0,2.0,0.0,0.0,4.0,10.0,5.0,1.0,10.0,8.0,0,9,77,75,77,75,82,82,83,80,45.5027040709573,1519.2349092966604,1846.3039663493696,4,2,2.0,0.2837606837606837,0.8349090438054713,1.587782218268564,-3.3018191238905743,-2.0795163756721773,-2.9408802616525374,0.2075003726814839,0.3237398986182359,0.4687597287002802,-1,Home Win,Away Win
2023,31/12/2023,Fulham,Arsenal,1,5.25,4.5,1.55,0.1800580832526621,0.2100677637947725,0.6098741529525653,-0.4298160696999031,-0.0300096805421103,0.3998063891577927,9.0,7.0,2.0,6.0,7.0,-1.0,1.8888888888888888,1.5555555555555556,1.2222222222222223,0.8888888888888888,26,36,34,18,0.0,0.0,4.0,2.0,6.0,12.0,3.0,4.0,10.0,3.0,0,11,77,76,77,76,82,82,84,81,45.43618003782768,1588.578191289718,1924.5759368154215,4,1,3.0,0.147008547008547,0.8419230689639605,1.5745544723667415,-3.16153862072079,-2.007894090808191,-3.4777745814971035,0.1727924618379373,0.2683493390026809,0.5588581991593814,-1,Home Win,Away Win
2023,02/01/2024,West Ham,Brighton,0,2.45,3.75,2.75,0.3930443068127679,0.2567889471176751,0.3501667460695569,0.0428775607432109,0.1362553596950928,0.0933777989518818,10.0,5.0,5.0,12.0,8.0,4.0,1.8888888888888888,1.7777777777777777,1.1111111111111112,2.111111111111111,33,38,30,33,4.0,2.0,0.0,0.0,10.0,8.0,3.0,6.0,6.0,5.0,3,14,78,78,79,78,77,77,77,78,45.74508326578419,1730.5670623700314,1647.4755824225415,3,4,0.0,0.0008547008547008,0.3226449968082339,4.108706927861793,-13.547100063835323,-3.2971687447382263,-3.2971687447382263,0.2752093914007618,0.3257508607955369,0.3990397478037014,-1,Draw,Away Win
2023,14/01/2024,Man United,Tottenham,0,2.2,3.75,3.0,0.4310344827586207,0.2528735632183908,0.3160919540229885,0.1149425287356322,0.1781609195402299,0.0632183908045976,9.0,7.0,2.0,4.0,12.0,-8.0,1.3,2.2,1.6,1.6,22,42,27,29,0.0,2.0,2.0,0.0,10.0,12.0,1.0,3.0,9.0,5.0,9,8,82,82,83,80,81,81,80,79,44.62116043061474,1849.2448466110225,1905.8869298201928,2,1,1.0,0.4811965811965812,0.5172925987777222,2.562676784392895,-9.654148024445558,-3.767212503442041,-3.767212503442041,0.311977706074267,0.3426564354552195,0.3453658584705135,-1,Draw,Away Win
2023,21/01/2024,Sheffield United,West Ham,0,3.4,3.3,2.2,0.2796610169491525,0.288135593220339,0.4322033898305084,-0.1525423728813559,-0.0084745762711864,0.1440677966101694,6.0,9.0,-3.0,4.0,10.0,-6.0,1.0,1.6,2.4,2.0,15,33,49,30,0.0,0.0,3.0,0.0,2.0,10.0,3.0,4.0,15.0,6.0,3,10,73,72,74,72,78,78,79,78,42.74572348909891,1567.8728930334564,1727.2698936252932,4,3,1.0,0.4811965811965812,0.6618386685023145,2.0029862211372147,-6.763226629953708,-3.3765717200559777,-3.3765717200559777,0.1999200732533155,0.3447766227521862,0.4553033039944981,-1,Draw,Away Win
2023,22/01/2024,Brighton,Wolves,0,1.65,4.33,5.0,0.5844322369042638,0.2227051249173291,0.192862638178407,0.3915695987258567,0.3617271119869346,-0.029842486738922,9.0,3.0,6.0,6.0,10.0,-4.0,2.2,1.4,1.4,1.7,38,30,33,31,0.0,4.0,0.0,0.0,8.0,8.0,7.0,4.0,5.0,8.0,5,9,77,77,77,78,76,75,77,76,42.44092257072969,1650.77275116728,1710.8402105504397,4,3,0.0,0.0008547008547008,0.4746551154554145,2.792877797922855,10.506897690891709,3.7620327315094113,3.7620327315094113,0.4968006143863623,0.289905763095641,0.2132936225179973,1,Draw,Home Win
2023,30/01/2024,Luton,Brighton,1,4.2,4.2,1.75,0.2272727272727273,0.2272727272727273,0.5454545454545455,-0.3181818181818182,0.0,0.3181818181818182,6.0,5.0,1.0,7.0,6.0,1.0,1.3,1.6,1.7,1.9,24,38,38,33,0.0,0.0,0.0,0.0,4.0,8.0,4.0,8.0,12.0,5.0,0,3,72,72,72,72,77,77,77,78,43.609147585988666,1400.8838952041592,1654.534783898789,4,4,1.0,0.4811965811965812,0.7701392151430887,1.7213170132878324,-4.597215697138226,-2.6707548125357987,-2.6707548125357987,0.1926131574306248,0.2853159435010644,0.5220708990683105,-1,Home Win,Away Win
2023,30/01/2024,Aston Villa,Newcastle,-1,1.85,4.0,3.8,0.5129935875801552,0.2372595342558218,0.2497468781640229,0.2632467094161322,0.2757340533243334,0.0124873439082011,13.0,0.0,13.0,8.0,3.0,5.0,2.9,1.6,0.8,2.2,43,41,27,32,0.0,0.0,0.0,5.0,13.0,9.0,4.0,2.0,4.0,10.0,12,11,80,82,79,79,81,79,81,82,43.609147585988666,1659.8812061071476,1753.7332621550624,4,3,2.0,0.2837606837606837,0.4281944845378923,3.0959150140772667,11.436110309242151,3.693935478603785,5.224013652372624,0.4441320251729908,0.3066496760068462,0.249218298820163,1,Away Win,Home Win
2023,01/02/2024,West Ham,Bournemouth,0,2.4,3.75,2.75,0.3979739507959479,0.2547033285094067,0.3473227206946455,0.0506512301013024,0.1432706222865412,0.0926193921852387,11.0,12.0,-1.0,11.0,9.0,2.0,1.7,1.7,1.0,2.3,35,28,32,39,0.0,0.0,0.0,3.0,10.0,7.0,5.0,4.0,6.0,9.0,6,2,78,78,79,78,75,75,75,74,45.36233199256269,1730.6464653453493,1661.2401364805307,3,4,2.0,0.2837606837606837,0.3405910261222824,3.89221568377432,-13.188179477554351,-3.3883475503509723,-4.791847059739999,0.3002379628212098,0.3373305214970634,0.362431515681727,-1,Draw,Away Win
2023,03/02/2024,Everton,Tottenham,0,3.0,3.6,2.25,0.3157894736842105,0.2631578947368421,0.4210526315789473,-0.1052631578947368,0.0526315789473684,0.1578947368421052,7.0,5.0,2.0,2.0,10.0,-8.0,1.0,2.1818181818181817,1.0909090909090908,1.6363636363636365,24,47,28,33,0.0,2.0,0.0,0.0,8.0,13.0,4.0,4.0,10.0,5.0,4,16,77,79,77,75,81,81,80,79,43.31133391104506,1746.1886753458143,1911.4762554349045,3,1,0.0,0.0008547008547008,0.6686646623990206,1.9825389439151533,-6.626706752019588,-3.342535475713304,-3.342535475713304,0.2179283411175202,0.3395447091985717,0.4425269496839081,-1,Draw,Away Win
2023,03/02/2024,Burnley,Fulham,0,2.9,3.4,2.38,0.3255813953488372,0.2777017783857728,0.3967168262653898,-0.0711354309165526,0.0478796169630643,0.1190150478796169,4.0,0.0,4.0,4.0,4.0,0.0,1.0,0.8181818181818182,2.272727272727273,2.1818181818181817,22,28,45,36,0.0,0.0,2.0,0.0,3.0,7.0,3.0,4.0,16.0,11.0,1,1,74,69,74,73,77,76,77,76,43.31133391104506,1625.6654088102105,1587.0218536772647,4,4,0.0,0.0008547008547008,0.3841973314131013,3.4504501339197264,-12.316053371737974,-3.5694048294350758,-3.5694048294350758,0.2262744712296881,0.3171419329821971,0.4565835957881144,-1,Draw,Away Win
2023,03/02/2024,Newcastle,Luton,0,1.44,4.75,6.5,0.6558682952734998,0.1988316516197557,0.1453000531067445,0.5105682421667552,0.4570366436537441,-0.0535315985130111,9.0,4.0,5.0,3.0,10.0,-7.0,2.272727272727273,1.1,0.9090909090909092,2.1,44,28,33,38,2.0,2.0,0.0,0.0,10.0,5.0,2.0,4.0,10.0,12.0,0,3,81,79,81,82,72,72,72,72,43.31133391104506,1748.5092485026898,1398.2131403916237,3,4,1.0,0.4811965811965812,0.9060035808684213,1.4631881833792235,1.879928382631577,1.2848165423875244,1.2848165423875244,0.5205309463697583,0.2833904490540623,0.1960786045761794,1,Draw,Home Win
2023,04/02/2024,Bournemouth,Nott'm Forest,0,1.7,4.2,4.5,0.5609973285841497,0.2270703472840606,0.2119323241317898,0.3490650044523599,0.3339269813000891,-0.0151380231522707,10.0,4.0,6.0,7.0,6.0,1.0,1.1,1.0909090909090908,1.6,2.090909090909091,29,27,40,40,0.0,0.0,0.0,3.0,7.0,5.0,5.0,5.0,9.0,12.0,1,1,75,75,75,74,77,75,77,75,41.4092027664224,1666.0319835402706,1511.3250745981202,4,4,0.0,0.0008547008547008,0.7556423198723817,1.7543402463877655,4.887153602552365,2.7857501488751386,2.7857501488751386,0.5349097330386039,0.2582270950912887,0.206863171870108,1,Draw,Home Win
2023,04/02/2024,Chelsea,Wolves,-1,1.62,4.0,5.5,0.5883926183471516,0.2382990104305964,0.1733083712222519,0.4150842471248996,0.3500936079165552,-0.0649906392083444,13.0,4.0,9.0,9.0,10.0,-1.0,1.6363636363636365,1.2727272727272727,1.2727272727272727,1.5454545454545454,36,33,35,35,0.0,0.0,2.0,2.0,9.0,8.0,4.0,5.0,9.0,9.0,8,12,80,77,81,78,76,75,77,76,41.4092027664224,1906.153531552188,1703.5644914057198,1,3,0.0,0.0008547008547008,0.8029075695525473,1.651066428934916,3.9418486089490554,2.3874560949627543,2.3874560949627543,0.4844457258255097,0.3385985888454137,0.1769556853290769,1,Away Win,Home Win
2023,04/02/2024,Arsenal,Liverpool,1,2.2,3.6,3.1,0.4308880308880309,0.2633204633204634,0.3057915057915058,0.125096525096525,0.1675675675675675,0.0424710424710424,12.0,13.0,-1.0,7.0,13.0,-6.0,2.4545454545454546,1.9090909090909087,0.9090909090909092,0.9090909090909092,44,51,21,19,3.0,5.0,0.0,0.0,14.0,15.0,4.0,6.0,4.0,1.0,6,17,82,82,84,81,83,84,82,84,41.4092027664224,1931.6804712447245,2076.6094194775333,1,1,1.0,0.4811965811965812,1.0,1.0,2.894389251863972,2.894389251863972,2.894389251863972,0.3307521172149161,0.3654604830522285,0.3037873997328556,0,Home Win,Draw
2023,10/02/2024,Fulham,Bournemouth,1,2.38,3.5,2.8,0.3952569169960474,0.2687747035573122,0.3359683794466403,0.0592885375494071,0.1264822134387351,0.067193675889328,10.0,10.0,0.0,5.0,5.0,0.0,1.7272727272727273,1.6363636363636365,1.0909090909090908,2.1818181818181817,30,30,38,41,0.0,0.0,0.0,0.0,7.0,7.0,5.0,6.0,11.0,9.0,1,7,77,76,77,76,75,75,75,74,43.21203783534727,1590.5912585067,1668.8177336891458,4,4,0.0,0.0008547008547008,1.0,1.0,1.0043984150027063,1.0043984150027063,1.0043984150027063,0.2430573136118954,0.3853086991980898,0.371633987190015,0,Home Win,Draw
2023,10/02/2024,Luton,Sheffield United,-1,1.75,3.75,4.75,0.5449330783938815,0.254302103250478,0.2007648183556405,0.3441682600382409,0.2906309751434034,-0.0535372848948374,6.0,1.0,5.0,8.0,1.0,7.0,1.5454545454545454,0.6363636363636364,1.5454545454545454,2.5454545454545454,32,19,42,59,0.0,0.0,0.0,3.0,5.0,2.0,5.0,4.0,12.0,17.0,0,0,72,72,72,72,73,72,74,72,43.21203783534727,1396.928323849236,1557.941330975464,4,4,1.0,0.4811965811965812,0.336681722839185,3.9374092613252167,13.2663655432163,3.369313338474556,3.369313338474556,0.510196948542942,0.2557050932868325,0.2340979581702256,1,Away Win,Home Win
2023,10/02/2024,Wolves,Brentford,-1,2.1,3.6,3.4,0.4543429844097995,0.2650334075723831,0.2806236080178174,0.1737193763919821,0.1893095768374164,0.0155902004454342,10.0,0.0,10.0,10.0,3.0,7.0,1.7272727272727273,1.1,1.6363636363636365,1.6,37,32,37,39,2.0,0.0,0.0,3.0,9.0,6.0,5.0,4.0,9.0,12.0,3,4,76,75,77,76,76,75,76,76,43.21203783534727,1701.177035310757,1558.617811217605,3,4,2.0,0.2837606837606837,1.0,1.0,-4.889600161423071,-4.889600161423071,-4.889600161423071,0.3196511482205032,0.3859735532065089,0.294375298572988,0,Away Win,Draw
2023,17/02/2024,Newcastle,Bournemouth,0,1.83,4.2,3.75,0.5198277142432793,0.2264963612060003,0.2536759245507203,0.266151789692559,0.293331353037279,0.02717956334472,7.0,7.0,0.0,7.0,2.0,5.0,2.4166666666666665,1.5833333333333333,1.1666666666666667,2.25,51,31,39,44,2.0,0.0,0.0,2.0,11.0,7.0,3.0,6.0,10.0,10.0,4,5,81,79,81,82,75,75,75,74,44.77764026999827,1752.5640009949052,1667.8133352741431,3,4,0.0,0.0008547008547008,0.6782246330316234,1.9545939045303389,6.435507339367533,3.292503534596817,3.292503534596817,0.4877673138981864,0.2439478917420981,0.2682847943597155,1,Draw,Home Win
2023,17/02/2024,Nott'm Forest,West Ham,1,2.38,3.5,2.9,0.3998896856039713,0.2719249862107005,0.3281853281853282,0.0717043574186431,0.1279646993932708,0.0562603419746277,3.0,7.0,-4.0,4.0,3.0,1.0,1.4166666666666667,1.5,1.6666666666666667,2.083333333333333,30,36,44,42,0.0,0.0,2.0,3.0,5.0,10.0,6.0,6.0,13.0,8.0,3,6,77,75,77,75,78,78,79,78,44.77764026999827,1505.7693884994171,1719.81191813922,4,3,1.0,0.4811965811965812,0.725989082744156,1.8259967885675592,-5.480218345116881,-3.0012201442128226,-3.0012201442128226,0.291628369626614,0.3322130197656795,0.3761586106077064,-1,Home Win,Away Win
2023,17/02/2024,Tottenham,Wolves,-1,1.53,4.75,5.25,0.619757688723206,0.1996272134203169,0.1806150978564771,0.4391425908667288,0.4201304753028891,-0.0190121155638397,15.0,7.0,8.0,11.0,7.0,4.0,2.083333333333333,1.5,1.3333333333333333,1.5833333333333333,51,37,36,39,2.0,0.0,0.0,2.0,14.0,9.0,5.0,5.0,5.0,10.0,6,13,81,81,80,79,76,75,77,76,44.77764026999827,1916.7756519005527,1696.287435149334,1,4,1.0,0.4811965811965812,0.8215659311002227,1.6135695060415312,3.568681377995546,2.211668827796807,2.211668827796807,0.5184963779709624,0.3133819688669937,0.1681216531620442,1,Away Win,Home Win
2023,17/02/2024,Man City,Chelsea,0,1.33,5.5,8.0,0.7101928819304333,0.171737551448632,0.1180695666209345,0.5921233153094987,0.5384553304818012,-0.0536679848276975,11.0,6.0,5.0,15.0,9.0,6.0,2.636363636363636,1.75,0.9090909090909092,1.8333333333333333,56,41,25,40,7.0,2.0,0.0,0.0,16.0,10.0,4.0,4.0,3.0,10.0,9,7,85,87,86,83,80,77,81,78,44.77764026999827,2086.305975351137,1911.5896986791884,1,1,1.0,0.4811965811965812,0.7796294942991866,1.7003637539618413,4.407410114016268,2.5920395584456672,2.5920395584456672,0.7016015935498013,0.1549881716596762,0.1434102347905229,1,Draw,Home Win
2023,19/02/2024,Everton,Crystal Palace,0,1.7,3.6,5.25,0.556783031374282,0.2629253203711887,0.1802916482545293,0.3764913831197526,0.2938577110030932,-0.0826336721166593,8.0,2.0,6.0,3.0,6.0,-3.0,1.0833333333333333,1.0,1.1666666666666667,2.0,26,27,32,43,0.0,0.0,2.0,3.0,8.0,6.0,5.0,6.0,11.0,12.0,10,6,77,79,77,75,76,75,76,76,38.214440528622426,1741.5109408576102,1699.7210533132045,3,4,0.0,0.0008547008547008,0.6131427298315444,2.1620638541863637,7.737145403369112,3.578592458491836,3.578592458491836,0.5151790713116208,0.2567043592754207,0.2281165694129587,1,Draw,Home Win
2023,24/02/2024,Brighton,Everton,0,1.83,3.8,4.2,0.5215686274509804,0.2511764705882353,0.2272549019607843,0.2943137254901961,0.2703921568627451,-0.0239215686274509,11.0,4.0,7.0,7.0,4.0,3.0,2.1666666666666665,1.0833333333333333,1.25,1.5,48,27,40,33,2.0,0.0,0.0,0.0,10.0,8.0,8.0,6.0,7.0,11.0,4,14,77,77,77,78,77,79,77,75,37.56787362591732,1662.6600611259048,1745.089533316102,4,3,0.0,0.0008547008547008,0.4357953912129789,3.0419177447842087,11.28409217574042,3.709532315621804,3.709532315621804,0.4564844692586863,0.3110108413065495,0.2325046894347646,1,Draw,Home Win
2023,24/02/2024,Man United,Fulham,-1,1.57,4.33,5.5,0.6067809651932196,0.2200106501970796,0.1732083846097008,0.4335725805835186,0.3867703149961399,-0.0468022655873787,10.0,1.0,9.0,13.0,5.0,8.0,1.5,0.9166666666666666,1.5,2.1666666666666665,35,34,34,41,5.0,0.0,0.0,2.0,14.0,8.0,2.0,5.0,9.0,12.0,4,1,82,82,83,80,77,76,77,76,37.56787362591732,1857.728035612916,1585.1046123533288,2,4,0.0,0.0008547008547008,0.8563875467374187,1.5479600779767086,2.8722490652516264,1.855505904910581,1.855505904910581,0.5801264847078313,0.2422673117891666,0.1776062035030023,1,Away Win,Home Win
2023,26/02/2024,West Ham,Brentford,1,2.5,3.5,2.75,0.3811881188118812,0.2722772277227723,0.3465346534653465,0.0346534653465346,0.1089108910891089,0.0742574257425742,8.0,3.0,5.0,2.0,3.0,-1.0,1.5,1.0833333333333333,1.4166666666666667,1.4166666666666667,36,35,44,44,0.0,0.0,4.0,3.0,10.0,7.0,6.0,4.0,9.0,14.0,0,15,78,78,79,78,76,75,76,76,38.90666803309505,1722.8131382834329,1562.0637600286072,3,4,1.0,0.4811965811965812,1.0,1.0,-5.187706725321917,-5.187706725321917,-5.187706725321917,0.2926464789720341,0.4169821140885861,0.2903714069393797,0,Home Win,Draw
2023,02/03/2024,Brentford,Chelsea,0,3.1,3.75,2.15,0.3059482022578503,0.2529171805331562,0.4411346172089934,-0.1351864149511431,0.053031021724694,0.1882174366758371,3.0,7.0,-4.0,3.0,7.0,-4.0,1.6923076923076923,1.6923076923076923,2.076923076923077,1.7692307692307692,37,42,48,41,0.0,0.0,4.0,0.0,7.0,10.0,4.0,5.0,15.0,10.0,1,4,76,75,76,76,80,77,81,78,39.22214325624077,1567.2514667539292,1908.9976591207424,4,1,0.0,0.0008547008547008,0.8508734853512088,1.557991589171164,-2.982530292975824,-1.9143430001201096,-1.9143430001201096,0.2159350603935318,0.2937282631843622,0.4903366764221058,-1,Draw,Away Win
2023,02/03/2024,Everton,West Ham,-1,2.05,3.6,3.5,0.464002946050451,0.2642238998342846,0.2717731541152641,0.1922297919351869,0.1997790462161664,0.0075492542809795,6.0,4.0,2.0,4.0,4.0,0.0,1.0769230769230769,1.3846153846153846,1.1538461538461535,2.076923076923077,28,40,34,46,0.0,2.0,0.0,0.0,8.0,11.0,7.0,6.0,11.0,9.0,6,13,77,79,77,75,78,78,79,78,39.22214325624077,1741.3800010004802,1717.625431558111,3,3,1.0,0.4811965811965812,0.5896510678310468,2.248200344149597,8.206978643379063,3.6504658780681,3.6504658780681,0.3573571927187876,0.3165473761994422,0.3260954310817708,1,Away Win,Home Win
2023,02/03/2024,Fulham,Brighton,1,2.55,3.6,2.63,0.3734248358279596,0.2645092587114713,0.3620659054605691,0.0113589303673904,0.1089155771164882,0.0975566467490978,7.0,5.0,2.0,8.0,7.0,1.0,1.7692307692307692,1.6923076923076923,1.1538461538461535,1.9230769230769231,36,49,42,41,2.0,0.0,0.0,0.0,9.0,10.0,5.0,9.0,12.0,7.0,4,3,77,76,77,76,77,77,77,78,39.22214325624077,1583.2491064484182,1666.3695934415266,4,4,0.0,0.0008547008547008,0.5628407491339112,2.3552909693653628,-8.743185017321775,-3.7121464528340806,-3.7121464528340806,0.2688138900634869,0.306162955986154,0.4250231539503594,-1,Home Win,Away Win
2023,09/03/2024,Bournemouth,Sheffield United,0,1.33,5.25,8.0,0.7044320516583504,0.1784561197534487,0.1171118285882007,0.5873202230701496,0.5259759319049017,-0.061344291165248,5.0,4.0,1.0,5.0,3.0,2.0,1.0,0.7692307692307693,1.5,2.3076923076923075,35,22,47,72,2.0,0.0,0.0,4.0,8.0,3.0,7.0,4.0,11.0,20.0,1,4,75,75,75,74,73,72,74,72,40.14719167519417,1669.1788884533091,1546.5063331629242,4,4,0.0,0.0008547008547008,0.7185470321604422,1.844908787167512,5.629059356791155,3.0511315225689004,3.0511315225689004,0.5277305549876417,0.2851118910266603,0.1871575539856979,1,Draw,Home Win
2023,09/03/2024,Crystal Palace,Luton,0,1.75,3.8,4.2,0.5327102803738317,0.2453271028037383,0.2219626168224299,0.3107476635514018,0.2873831775700934,-0.0233644859813084,10.0,5.0,5.0,4.0,1.0,3.0,1.3846153846153846,1.3333333333333333,1.4615384615384617,2.4166666666666665,32,37,47,54,0.0,0.0,2.0,5.0,7.0,5.0,7.0,5.0,13.0,16.0,0,3,76,75,76,76,72,72,72,72,40.14719167519417,1695.6076534742504,1396.4589654312272,4,4,1.0,0.4811965811965812,0.8757890679832201,1.5136678249234965,2.484218640335598,1.641191415600814,1.641191415600814,0.4945740060063616,0.2800674664382065,0.225358527555432,1,Draw,Home Win
2023,09/03/2024,Wolves,Fulham,1,2.5,3.4,2.75,0.378159757330637,0.2780586450960566,0.3437815975733064,0.0343781597573306,0.1001011122345804,0.0657229524772497,9.0,4.0,5.0,9.0,10.0,-1.0,1.5384615384615383,1.0,1.5384615384615383,2.076923076923077,40,39,43,42,0.0,3.0,2.0,0.0,11.0,10.0,5.0,5.0,11.0,12.0,4,5,76,75,77,76,77,76,77,76,40.14719167519417,1693.478436802547,1579.536959995584,4,4,0.0,0.0008547008547008,1.0,1.0,-4.165437265167469,-4.165437265167469,-4.165437265167469,0.2846482903702183,0.3866585760686754,0.3286931335611066,0,Home Win,Draw
2023,10/03/2024,West Ham,Burnley,0,1.67,4.0,4.75,0.5652658981033842,0.2359985124581628,0.1987355894384529,0.3665303086649313,0.3292673856452214,-0.0372629230197099,8.0,3.0,5.0,6.0,1.0,5.0,1.6923076923076923,0.9230769230769232,1.4615384615384617,2.0,43,25,47,60,3.0,0.0,0.0,5.0,12.0,3.0,6.0,4.0,9.0,20.0,4,8,78,78,79,78,74,69,74,73,41.14122519669807,1713.9749656800427,1609.235723164703,3,4,1.0,0.4811965811965812,0.6984137138768567,1.898092358850322,6.031725722462866,3.1777830485110288,3.1777830485110288,0.5194776650752934,0.2710125491776335,0.2095097857470731,1,Draw,Home Win
2023,10/03/2024,Liverpool,Man City,0,3.0,3.75,2.2,0.3160919540229885,0.2528735632183908,0.4310344827586207,-0.1149425287356322,0.0632183908045976,0.1781609195402299,13.0,15.0,-2.0,12.0,13.0,-1.0,2.8461538461538463,2.1538461538461537,0.8461538461538461,1.1538461538461535,64,62,25,27,5.0,4.0,0.0,0.0,19.0,19.0,6.0,5.0,2.0,3.0,7,13,83,84,82,84,85,87,86,83,41.14122519669807,2076.264394713263,2095.073506208235,1,1,0.0,0.0008547008547008,0.4679056923125675,2.833164364968618,-10.64188615374865,-3.756183822348241,-3.756183822348241,0.293613788277914,0.2833234669962215,0.4230627447258648,-1,Draw,Away Win
2023,16/03/2024,Burnley,Brentford,1,3.25,3.6,2.15,0.2928767382461451,0.2644026109166588,0.4427206508371961,-0.1498439125910509,0.0284741273294863,0.1783180399205373,2.0,3.0,-1.0,1.0,1.0,0.0,0.9285714285714286,1.1428571428571428,2.4285714285714284,1.6428571428571428,27,40,62,52,0.0,0.0,0.0,2.0,3.0,7.0,5.0,5.0,20.0,16.0,3,6,74,69,74,73,76,75,76,76,40.81806353944551,1606.057940116192,1564.1961681518785,4,4,2.0,0.2837606837606837,0.3832104906392245,3.459335707158342,-12.33579018721551,-3.5659419123993312,-5.043003415149786,0.2308930784560553,0.2551282740028984,0.5139786475410459,-1,Home Win,Away Win
2023,16/03/2024,Luton,Nott'm Forest,0,2.8,3.5,2.45,0.3398058252427184,0.2718446601941747,0.3883495145631068,-0.0485436893203883,0.0679611650485437,0.116504854368932,3.0,4.0,-1.0,1.0,3.0,-2.0,1.5,1.0714285714285714,1.7857142857142858,2.071428571428572,41,34,59,50,0.0,0.0,2.0,4.0,5.0,6.0,6.0,6.0,17.0,16.0,0,1,72,72,72,72,77,75,77,75,40.81806353944551,1393.021389944021,1495.6653004352893,4,4,1.0,0.4811965811965812,0.588047138657199,2.2543324275891496,-8.239057226856017,-3.65476587482136,-3.65476587482136,0.2477560378541538,0.3041730534911688,0.4480709086546773,-1,Draw,Away Win
2023,16/03/2024,Fulham,Tottenham,1,3.5,3.8,1.95,0.2691120392228073,0.2478663519157435,0.483021608861449,-0.2139095696386417,0.0212456873070637,0.2351552569457054,10.0,8.0,2.0,9.0,10.0,-1.0,1.8571428571428568,2.3076923076923075,1.0714285714285714,1.5384615384615383,40,59,44,39,0.0,3.0,2.0,0.0,10.0,16.0,5.0,5.0,13.0,6.0,0,13,77,76,77,76,81,81,80,79,40.81806353944551,1583.7023972607517,1925.626145994556,4,1,1.0,0.4811965811965812,0.8498345063707183,1.5598963370965484,-3.003309872585633,-1.925326575338798,-1.925326575338798,0.1938018147335766,0.2971784795434633,0.5090197057229597,-1,Home Win,Away Win
2023,17/03/2024,West Ham,Aston Villa,0,2.63,3.75,2.45,0.3603859807401887,0.2527507011591189,0.3868633181006922,-0.0264773373605035,0.1076352795810697,0.1341126169415732,6.0,10.0,-4.0,7.0,9.0,-2.0,1.7142857142857142,1.7142857142857142,1.5,1.5714285714285714,45,59,49,41,0.0,0.0,0.0,2.0,12.0,17.0,7.0,4.0,9.0,7.0,8,6,78,78,79,78,80,82,79,79,38.0791218027553,1717.1527487285537,1674.272968779355,3,4,0.0,0.0008547008547008,0.3855546839390115,3.438302759241368,-12.28890632121977,-3.5741199020912315,-3.5741199020912315,0.252435023469182,0.3328233526616167,0.4147416238692017,-1,Draw,Away Win
2023,30/03/2024,Bournemouth,Everton,1,2.2,3.6,3.2,0.4350453172205438,0.2658610271903323,0.2990936555891239,0.1359516616314199,0.1691842900302114,0.0332326283987915,5.0,2.0,3.0,8.0,2.0,6.0,1.2857142857142858,1.0,1.6428571428571428,1.5,41,29,52,39,2.0,0.0,0.0,3.0,9.0,8.0,8.0,7.0,11.0,13.0,6,6,75,75,75,74,77,79,77,75,37.38525094718023,1674.0264040474835,1741.8897306724673,4,3,2.0,0.2837606837606837,0.5437493126259629,2.4379869598802317,-9.125013747480743,-3.742847643421776,-5.293185899223253,0.3082275261078543,0.3353794237927129,0.356393050099433,-1,Home Win,Away Win
2023,30/03/2024,Chelsea,Burnley,0,1.29,6.0,9.5,0.7403078121955972,0.1591661796220534,0.1005260081823495,0.6397818040132477,0.5811416325735438,-0.0586401714397038,12.0,1.0,11.0,8.0,4.0,4.0,1.7692307692307692,1.0,1.5384615384615383,2.0,47,29,45,63,2.0,2.0,0.0,0.0,11.0,4.0,6.0,5.0,10.0,20.0,7,1,80,77,81,78,74,69,74,73,37.38525094718023,1913.707423270611,1601.0149367010422,1,4,0.0,0.0008547008547008,0.8823847466828689,1.5023534105835803,2.352305066342621,1.5657468141460018,1.5657468141460018,0.5884554172322388,0.2632293161077605,0.1483152666600008,1,Draw,Home Win
2023,30/03/2024,Sheffield United,Fulham,0,4.5,4.0,1.73,0.2115884421342302,0.238036997401009,0.5503745604647607,-0.3387861183305305,-0.0264485552667787,0.3123375630637517,1.0,4.0,-3.0,4.0,9.0,-5.0,0.8571428571428571,1.0,3.0,2.071428571428572,24,43,74,44,0.0,2.0,0.0,0.0,3.0,11.0,5.0,5.0,20.0,13.0,1,7,73,72,74,72,77,76,77,76,37.38525094718023,1543.4552016403552,1581.7770706854126,4,4,0.0,0.0008547008547008,0.5013478985285318,2.644179296486058,-9.973042029429363,-3.77169658755096,-3.77169658755096,0.1648276968455553,0.2819211225342281,0.5532511806202166,-1,Draw,Away Win
2023,30/03/2024,Brentford,Man United,0,3.0,3.8,2.2,0.3171471927162367,0.2503793626707132,0.4324734446130501,-0.1153262518968133,0.0667678300455235,0.1820940819423369,4.0,9.0,-5.0,1.0,9.0,-8.0,1.7142857142857142,1.2857142857142858,2.071428571428572,1.3571428571428572,41,39,54,39,0.0,2.0,3.0,0.0,7.0,15.0,5.0,2.0,17.0,11.0,3,12,76,75,76,76,82,82,83,80,37.38525094718023,1569.239171567028,1858.960181887442,4,2,2.0,0.2837606837606837,0.8103923221737859,1.6358172422833677,-3.792153556524282,-2.318201238196375,-3.278431631367415,0.1965435827456607,0.2964542132344541,0.5070022040198853,-1,Draw,Away Win
2023,31/03/2024,Man City,Arsenal,0,1.91,3.8,3.8,0.4986876640419947,0.2506561679790026,0.2506561679790026,0.2480314960629921,0.2480314960629921,0.0,13.0,12.0,1.0,11.0,15.0,-4.0,2.4285714285714284,2.4285714285714284,0.8571428571428571,0.7857142857142857,63,70,28,24,0.0,9.0,0.0,0.0,19.0,20.0,6.0,4.0,3.0,4.0,12,3,85,87,86,83,82,82,84,81,37.500396594992495,2098.829690030583,1944.9791072805613,1,1,3.0,0.147008547008547,0.7505419501171995,1.7662620102966022,4.98916099765601,2.824700394715616,4.8925245998073095,0.4625093481703236,0.3622495192917489,0.1752411325379274,1,Draw,Home Win
2023,02/04/2024,Nott'm Forest,Fulham,1,2.7,3.4,2.63,0.3545177020972921,0.2815287634302026,0.3639535344725053,-0.0094358323752131,0.0729889386670895,0.0824247710423026,4.0,5.0,-1.0,2.0,10.0,-8.0,1.3333333333333333,1.1333333333333333,1.4666666666666666,2.1333333333333333,36,46,52,47,0.0,0.0,0.0,0.0,6.0,11.0,8.0,6.0,16.0,13.0,0,9,77,75,77,75,77,76,77,76,37.81918794660768,1503.637857348675,1585.5487672729637,4,4,1.0,0.4811965811965812,0.5631146277243676,2.35414544101457,-8.737707445512648,-3.711626008012038,-3.711626008012038,0.2406013492191404,0.3283136555625108,0.4310849952183487,-1,Home Win,Away Win
2023,02/04/2024,Burnley,Wolves,0,2.45,3.6,2.75,0.3888834331729352,0.2646567809093587,0.346459785917706,0.0424236472552292,0.1242266522635764,0.0818030050083472,5.0,7.0,-2.0,5.0,9.0,-4.0,1.0,1.3333333333333333,2.333333333333333,1.6666666666666667,31,42,65,46,0.0,0.0,0.0,2.0,4.0,12.0,6.0,5.0,20.0,12.0,7,6,74,69,74,73,76,75,77,76,37.81918794660768,1599.4491898868962,1685.5621891935075,4,4,1.0,0.4811965811965812,0.5690562032991402,2.3295655612580504,-8.618875934017195,-3.699778223611225,-3.699778223611225,0.2517344601680248,0.2817721796740135,0.4664933601579618,-1,Draw,Away Win
2023,02/04/2024,West Ham,Tottenham,0,3.3,4.2,1.95,0.287519747235387,0.225908372827804,0.4865718799368088,-0.1990521327014218,0.0616113744075829,0.2606635071090047,6.0,5.0,1.0,8.0,9.0,-1.0,1.6666666666666667,2.142857142857143,1.4666666666666666,1.6428571428571428,49,61,54,43,0.0,2.0,2.0,0.0,12.0,17.0,8.0,5.0,10.0,7.0,7,14,78,78,79,78,81,81,80,79,37.81918794660768,1709.9898487543917,1928.0627089013624,3,1,1.0,0.4811965811965812,0.7383912075564388,1.7953270841522184,-5.232175848871224,-2.914330149117056,-2.914330149117056,0.2250266045308129,0.3161529899142049,0.4588204055549821,-1,Draw,Away Win
2023,03/04/2024,Brentford,Brighton,0,2.38,3.8,2.75,0.4013210952801567,0.251353738622835,0.3473251660970083,0.0539959291831483,0.1499673566573217,0.0959714274741733,5.0,3.0,2.0,2.0,7.0,-5.0,1.6666666666666667,1.5333333333333334,2.0,2.0,42,51,55,46,0.0,0.0,0.0,2.0,7.0,11.0,6.0,9.0,17.0,9.0,3,10,76,75,76,76,77,77,77,78,36.74223342941588,1565.9607399356607,1671.6863233613492,4,4,1.0,0.4811965811965812,0.5979907250266319,2.216846646855431,-8.040185499467363,-3.6268568738718416,-3.6268568738718416,0.2463492446380802,0.277787369995773,0.4758633853661466,-1,Draw,Away Win
2023,06/04/2024,Aston Villa,Brentford,0,1.7,4.0,4.75,0.5608856088560886,0.2383763837638376,0.2007380073800738,0.3601476014760148,0.322509225092251,-0.0376383763837638,6.0,3.0,3.0,7.0,3.0,4.0,2.466666666666667,1.1333333333333333,1.2666666666666666,1.6666666666666667,63,42,46,55,0.0,0.0,2.0,0.0,18.0,7.0,5.0,7.0,8.0,17.0,4,5,80,82,79,79,76,75,76,76,36.11178506841226,1680.2730683801428,1562.3338830617888,4,4,0.0,0.0008547008547008,0.7082270224904657,1.8717920829458088,5.835459550190687,3.1175789252227712,3.1175789252227712,0.5382813257002033,0.2548595016025373,0.2068591726972595,1,Draw,Home Win
2023,06/04/2024,Luton,Bournemouth,1,3.75,3.8,1.91,0.2531521947646535,0.2498212448335396,0.4970265604018067,-0.2438743656371532,0.0033309499311138,0.247205315568267,4.0,5.0,-1.0,2.0,13.0,-11.0,1.4666666666666666,1.6428571428571428,1.7333333333333334,2.071428571428572,43,44,64,53,0.0,4.0,3.0,0.0,5.0,11.0,7.0,8.0,19.0,11.0,0,3,72,72,72,72,75,75,75,74,36.11178506841226,1388.377068340808,1674.0590510404022,4,4,1.0,0.4811965811965812,0.8079340361166809,1.6407945133709994,-3.841319277666382,-2.3411336680876764,-2.3411336680876764,0.18688671364102,0.2786432536495042,0.5344700327094758,-1,Home Win,Away Win
2023,07/04/2024,Man United,Liverpool,0,4.75,4.5,1.6,0.1990324809951624,0.2100898410504492,0.5908776779543885,-0.3918451969592261,-0.0110573600552868,0.3807878369039392,10.0,12.0,-2.0,4.0,13.0,-9.0,1.5,1.9285714285714288,1.4285714285714286,1.0,43,70,44,28,0.0,3.0,2.0,0.0,15.0,21.0,3.0,7.0,12.0,2.0,4,18,82,82,83,80,83,84,82,84,36.388534250943295,1858.705598195517,2074.076781808385,2,1,0.0,0.0008547008547008,0.73697540032334,1.798776096250052,-5.2604919935332015,-2.924484044734564,-2.924484044734564,0.2610359014936577,0.2563620934430883,0.482602005063254,-1,Draw,Away Win
2023,07/04/2024,Sheffield United,Chelsea,0,7.0,5.25,1.4,0.1363636363636363,0.1818181818181818,0.6818181818181818,-0.5454545454545454,-0.0454545454545454,0.5,2.0,8.0,-6.0,2.0,9.0,-7.0,1.0,1.7142857142857142,3.0,1.7857142857142858,28,53,80,50,0.0,2.0,2.0,0.0,3.0,12.0,6.0,7.0,21.0,10.0,3,10,73,72,74,72,80,77,81,78,36.388534250943295,1539.157253122163,1918.806185408049,4,1,1.0,0.4811965811965812,0.8782504447771784,1.5094256330974811,-2.4349911044564325,-1.6131905084052438,-1.6131905084052438,0.1447743057974763,0.3057857954860684,0.549439898716455,-1,Draw,Away Win
2023,13/04/2024,Newcastle,Tottenham,1,2.7,4.0,2.3,0.3510110644792064,0.2369324685234643,0.4120564669973293,-0.0610454025181229,0.114078595955742,0.1751239984738649,9.0,6.0,3.0,10.0,10.0,0.0,2.4375,2.066666666666667,1.25,1.6,65,65,52,45,2.0,2.0,0.0,0.0,14.0,18.0,5.0,6.0,12.0,7.0,4,14,81,79,81,82,81,81,80,79,40.05818877162938,1760.8396617404617,1932.2461946379024,3,1,0.0,0.0008547008547008,0.680506805125791,1.948038908120678,-6.38986389748418,-3.2801520908268933,-3.2801520908268933,0.2542610923476522,0.2949787947473599,0.4507601129049879,-1,Home Win,Away Win
2023,13/04/2024,Burnley,Brighton,0,3.5,3.75,2.0,0.2714932126696832,0.253393665158371,0.4751131221719457,-0.2036199095022624,0.0180995475113122,0.2217194570135746,5.0,4.0,1.0,6.0,4.0,2.0,1.0,1.4375,2.25,1.875,32,51,67,49,0.0,0.0,2.0,2.0,4.0,11.0,7.0,10.0,21.0,10.0,1,10,74,69,74,73,77,77,77,78,40.05818877162938,1592.9049721995136,1672.801713711088,4,4,1.0,0.4811965811965812,0.5570823328959424,2.379637003985829,-8.85835334208115,-3.722564965683271,-3.722564965683271,0.2051489272394785,0.2565068803828184,0.5383441923777028,-1,Draw,Away Win
2023,13/04/2024,Bournemouth,Man United,0,2.4,3.9,2.6,0.393939393939394,0.2424242424242424,0.3636363636363636,0.0303030303030303,0.1515151515151515,0.1212121212121211,10.0,7.0,3.0,10.0,5.0,5.0,1.3125,1.375,1.5,1.5,45,45,55,46,0.0,0.0,2.0,0.0,11.0,15.0,8.0,4.0,12.0,12.0,3,9,75,75,75,74,82,82,83,80,40.05818877162938,1676.40018470849,1855.7811141507823,4,2,1.0,0.4811965811965812,0.690403455523452,1.9201145692714547,-6.19193088953096,-3.2247715780211763,-3.2247715780211763,0.2388846461026982,0.3312199431796243,0.4298954107176774,-1,Draw,Away Win
2023,14/04/2024,Liverpool,Crystal Palace,-1,1.22,7.0,12.0,0.7837283075200598,0.1365926478820675,0.0796790445978727,0.7040492629221871,0.6471356596379922,-0.0569136032841948,13.0,2.0,11.0,11.0,2.0,9.0,2.6875,0.9375,0.875,1.875,72,36,30,54,0.0,0.0,0.0,3.0,21.0,7.0,8.0,9.0,2.0,15.0,10,2,83,84,82,84,76,75,76,76,39.39452435699744,2077.0012658531195,1685.6817255320543,1,4,0.0,0.0008547008547008,0.922684254505964,1.4367360526117745,1.5463149098807172,1.0762693029591237,1.0762693029591237,0.7560369881066544,0.1541392810661166,0.089823730827229,1,Away Win,Home Win
2023,14/04/2024,Arsenal,Aston Villa,-1,1.29,5.75,10.0,0.7389083432389886,0.1657724804831818,0.0953191762778295,0.6435891669611591,0.5731358627558067,-0.0704533042053522,15.0,10.0,5.0,13.0,5.0,8.0,2.533333333333333,1.625,0.8666666666666667,1.6875,75,66,24,49,3.0,0.0,0.0,0.0,22.0,18.0,5.0,6.0,4.0,8.0,9,12,82,82,84,81,80,82,79,79,39.39452435699744,1943.0763686018104,1683.3906473053655,1,4,1.0,0.4811965811965812,0.8483405098202393,1.5626434412602066,3.033189803595213,1.9410632800205991,1.9410632800205991,0.6091737050381749,0.2523845373062247,0.1384417576556007,1,Away Win,Home Win
2023,21/04/2024,Everton,Nott'm Forest,1,2.05,3.5,3.6,0.464002946050451,0.2717731541152641,0.2642238998342846,0.1997790462161664,0.1922297919351869,-0.0075492542809795,6.0,2.0,4.0,4.0,6.0,-2.0,1.0666666666666669,1.0625,1.2,2.0625,32,42,48,58,0.0,0.0,2.0,0.0,9.0,7.0,8.0,9.0,15.0,17.0,1,2,77,79,77,75,77,75,77,75,38.75339048470011,1748.7156859583802,1502.647272364513,3,4,0.0,0.0008547008547008,1.0,1.0,-6.74951776011228,-6.74951776011228,-6.74951776011228,0.3671658757614871,0.3883690205224397,0.2444651037160736,0,Home Win,Draw
2023,24/04/2024,Crystal Palace,Newcastle,1,2.75,3.6,2.4,0.3436754176610978,0.2625298329355608,0.3937947494033412,-0.0501193317422434,0.0811455847255369,0.1312649164677803,7.0,9.0,-2.0,7.0,10.0,-3.0,1.625,1.7333333333333334,1.625,2.1333333333333333,42,69,56,52,3.0,3.0,0.0,0.0,9.0,15.0,9.0,5.0,15.0,12.0,5,15,76,75,76,76,81,79,81,82,38.98331525919829,1688.3696334114477,1757.5595096496345,4,3,0.0,0.0008547008547008,0.5433615366453037,2.4397268562851897,-9.132769267093924,-3.7433572711495193,-3.7433572711495193,0.2778329636261816,0.3127732380481018,0.4093937983257169,-1,Home Win,Away Win
2023,24/04/2024,Everton,Liverpool,1,7.0,5.0,1.4,0.1351351351351351,0.1891891891891892,0.6756756756756757,-0.5405405405405406,-0.054054054054054,0.4864864864864864,8.0,10.0,-2.0,7.0,10.0,-3.0,1.125,2.0,1.125,1.0625,34,75,48,32,2.0,2.0,0.0,0.0,10.0,22.0,8.0,8.0,15.0,3.0,3,18,77,79,77,75,83,84,82,84,38.98331525919829,1741.966168198268,2079.048445350503,3,1,0.0,0.0008547008547008,0.8476123204356726,1.5639859186385483,-3.0477535912865488,-1.9487090995931868,-1.9487090995931868,0.1301010963108255,0.2909350380107169,0.5789638656784575,-1,Home Win,Away Win
2023,27/04/2024,West Ham,Liverpool,0,5.5,5.0,1.5,0.1734104046242774,0.1907514450867052,0.6358381502890174,-0.4624277456647399,-0.0173410404624277,0.4450867052023121,6.0,10.0,-4.0,4.0,7.0,-3.0,1.5294117647058822,1.8823529411764703,1.4705882352941178,1.1176470588235294,54,75,63,34,0.0,0.0,3.0,2.0,13.0,22.0,9.0,8.0,12.0,4.0,3,24,78,78,79,78,83,84,82,84,37.46230250026864,1704.0430320720582,2080.997154450096,3,1,1.0,0.4811965811965812,0.875911714270992,1.5134558792026869,-2.48176571458016,-1.639800504714808,-1.639800504714808,0.1859707039343061,0.2712525799143535,0.5427767161513403,-1,Draw,Away Win
2023,27/04/2024,Fulham,Crystal Palace,0,2.1,3.5,3.5,0.4545454545454546,0.2727272727272727,0.2727272727272727,0.1818181818181818,0.1818181818181818,0.0,6.0,5.0,1.0,4.0,9.0,-5.0,1.7647058823529411,0.9411764705882352,1.1176470588235294,1.7647058823529411,50,44,54,56,0.0,4.0,2.0,0.0,12.0,10.0,6.0,9.0,16.0,15.0,1,6,77,76,77,76,76,75,76,76,37.46230250026864,1586.6751860492263,1684.6262761402982,4,4,0.0,0.0008547008547008,0.5861813677532086,2.2615077969930586,-8.276372644935826,-3.659670179311449,-3.659670179311449,0.3167429306153032,0.3393605721959822,0.3438964971887146,-1,Draw,Away Win
2023,27/04/2024,Man United,Burnley,0,1.5,4.75,5.5,0.6295180722891567,0.1987951807228915,0.1716867469879518,0.4578313253012048,0.4307228915662651,-0.0271084337349397,10.0,5.0,5.0,6.0,6.0,0.0,1.6875,1.1764705882352942,1.5,1.8823529411764703,51,37,50,69,2.0,2.0,0.0,0.0,16.0,5.0,5.0,8.0,12.0,21.0,6,4,82,82,83,80,74,69,74,73,37.46230250026864,1860.4521746905584,1592.9462409171804,2,4,2.0,0.2837606837606837,0.8526499810444623,1.5547455146859486,2.947000379110753,1.8954873008307305,2.68062384814079,0.5862000890942465,0.2520765784927058,0.1617233324130482,1,Draw,Home Win
2023,27/04/2024,Everton,Brentford,1,2.3,3.5,3.0,0.412573673870334,0.2711198428290766,0.3163064833005894,0.0962671905697446,0.1414538310412574,0.0451866404715127,10.0,4.0,6.0,10.0,9.0,1.0,1.1764705882352942,1.4705882352941178,1.0588235294117647,1.7058823529411764,36,52,48,59,3.0,3.0,0.0,0.0,11.0,9.0,8.0,8.0,15.0,17.0,3,7,77,79,77,75,76,75,76,76,37.46230250026864,1740.0174590986749,1566.108128967921,3,4,1.0,0.4811965811965812,1.0,1.0,-5.429832399225782,-5.429832399225782,-5.429832399225782,0.3070468582258162,0.3849976678562056,0.3079554739179786,0,Home Win,Draw
2023,27/04/2024,Aston Villa,Chelsea,0,2.15,3.8,3.0,0.4381245196003074,0.2478862413528055,0.3139892390468869,0.1241352805534204,0.1902382782475019,0.0661029976940814,10.0,6.0,4.0,10.0,8.0,2.0,2.5294117647058822,1.625,1.3529411764705883,2.0,71,61,50,57,3.0,0.0,0.0,2.0,20.0,13.0,6.0,8.0,8.0,11.0,3,16,80,82,79,79,80,77,81,78,37.46230250026864,1685.153040487408,1917.9439547852464,4,1,1.0,0.4811965811965812,0.7548043057841061,1.7562879854650812,-4.90391388431788,-2.7922037415858525,-2.7922037415858525,0.3145846660011087,0.2608752194011031,0.4245401145977883,-1,Draw,Away Win
2023,28/04/2024,Bournemouth,Brighton,1,2.25,3.8,2.9,0.4223031232036788,0.2500479018969151,0.3276489748994061,0.0946541483042727,0.1722552213067637,0.0776010730024909,11.0,5.0,6.0,7.0,2.0,5.0,1.3529411764705883,1.411764705882353,1.5294117647058822,1.8235294117647056,49,52,60,54,2.0,0.0,0.0,2.0,12.0,11.0,9.0,11.0,13.0,11.0,3,12,75,75,75,74,77,77,77,78,37.029576834999816,1673.1712204696207,1675.2429210882651,4,4,2.0,0.2837606837606837,0.4498606574207163,2.9468096659676686,-11.002786851585672,-3.7337962402714586,-5.2803852821295685,0.2966862632273908,0.2884575157992168,0.4148562209733926,-1,Home Win,Away Win
2023,02/05/2024,Chelsea,Tottenham,1,2.15,3.8,3.0,0.4381245196003074,0.2478862413528055,0.3139892390468869,0.1241352805534204,0.1902382782475019,0.0661029976940814,10.0,5.0,5.0,8.0,7.0,1.0,2.1875,1.9375,1.5625,1.75,63,67,59,52,0.0,0.0,0.0,3.0,13.0,18.0,9.0,6.0,11.0,9.0,8,5,80,77,81,78,81,81,80,79,34.08600874199152,1920.736158526832,1930.2096430151712,1,1,0.0,0.0008547008547008,0.4646388624638483,2.853084063171923,-10.707222750723034,-3.752859191544203,-3.752859191544203,0.3457516926442538,0.2987987928091755,0.3554495145465707,-1,Home Win,Away Win
2023,03/05/2024,Luton,Everton,0,2.6,3.6,2.55,0.3647199046483909,0.2634088200238379,0.3718712753277712,-0.0071513706793803,0.1013110846245529,0.1084624553039332,4.0,2.0,2.0,3.0,12.0,-9.0,1.4705882352941178,0.9411764705882352,1.8823529411764703,1.7647058823529411,48,37,77,48,0.0,4.0,4.0,0.0,6.0,12.0,7.0,8.0,22.0,15.0,0,0,72,72,72,72,77,79,77,75,33.28296703568729,1380.907780284094,1734.5876266994492,4,3,1.0,0.4811965811965812,0.863462680283678,1.5352762358998686,-2.73074639432644,-1.778667793112731,-1.778667793112731,0.2469342959280262,0.2735234716986557,0.4795422323733181,-1,Draw,Away Win
2023,04/05/2024,Brentford,Fulham,0,2.1,3.8,3.2,0.4527177959791511,0.2501861504095309,0.2970960536113179,0.1556217423678331,0.2025316455696202,0.046909903201787,6.0,7.0,-1.0,8.0,4.0,4.0,1.588235294117647,1.1764705882352942,1.7647058823529411,2.0588235294117645,52,51,60,55,0.0,0.0,2.0,0.0,9.0,12.0,8.0,7.0,18.0,16.0,3,3,76,75,76,76,77,76,77,76,33.07816105611281,1571.5379613671466,1583.015515869915,4,4,1.0,0.4811965811965812,0.4689542184684039,2.826829744608116,-10.620915630631922,-3.757182635738928,-3.757182635738928,0.3171442078080634,0.2796551115189447,0.4032006806729922,-1,Draw,Away Win
2023,05/05/2024,Brighton,Aston Villa,1,2.75,3.75,2.45,0.3501667460695569,0.2567889471176751,0.3930443068127679,-0.0428775607432109,0.0933777989518818,0.1362553596950928,7.0,10.0,-3.0,2.0,8.0,-6.0,1.75,1.6470588235294117,1.4375,1.588235294117647,52,73,57,52,0.0,0.0,3.0,0.0,11.0,20.0,11.0,7.0,12.0,8.0,2,20,77,77,77,78,80,82,79,79,31.298598565111813,1680.523306370395,1682.360836745822,4,4,0.0,0.0008547008547008,0.4577034414669177,2.8963158532898063,-10.845931170661643,-3.744733558096641,-3.744733558096641,0.2617766872709202,0.3007195755501179,0.4375037371789622,-1,Home Win,Away Win
2023,06/05/2024,Crystal Palace,Man United,1,2.38,3.75,2.8,0.4024684733029245,0.2554333243895895,0.3420982023074859,0.0603702709954386,0.147035148913335,0.0866648779178964,10.0,5.0,5.0,10.0,6.0,4.0,1.6470588235294117,1.411764705882353,1.5294117647058822,1.5294117647058822,45,52,57,51,0.0,0.0,0.0,0.0,10.0,16.0,10.0,6.0,15.0,12.0,5,11,76,75,76,76,82,82,83,80,31.1711127908834,1688.2859463196096,1863.1327985386995,4,2,0.0,0.0008547008547008,0.6957337787904634,1.9054037248710167,-6.085324424190731,-3.1937191812736,-3.1937191812736,0.2881865242359218,0.2816183708342922,0.4301951049297856,-1,Home Win,Away Win
2023,11/05/2024,Bournemouth,Brentford,-1,1.95,4.0,3.5,0.4890829694323144,0.2384279475982532,0.2724890829694323,0.2165938864628821,0.2506550218340612,0.034061135371179,13.0,4.0,9.0,7.0,8.0,-1.0,1.4444444444444444,1.3888888888888888,1.4444444444444444,1.6666666666666667,52,52,63,60,0.0,0.0,2.0,0.0,13.0,9.0,9.0,9.0,14.0,18.0,1,5,75,75,75,74,76,75,76,76,30.7147134590691,1666.1332640640533,1567.7807787314075,4,4,0.0,0.0008547008547008,0.6776450853154364,1.956265547191063,6.447098293691271,3.295615108566649,3.295615108566649,0.3992819594705679,0.3283276898539066,0.2723903506755259,1,Away Win,Home Win
2023,11/05/2024,Newcastle,Brighton,0,1.57,4.75,4.75,0.6020278833967048,0.1989860583016476,0.1989860583016476,0.4030418250950571,0.4030418250950571,0.0,13.0,2.0,11.0,12.0,4.0,8.0,2.6666666666666665,1.3333333333333333,1.1666666666666667,1.8888888888888888,78,53,56,57,3.0,2.0,0.0,0.0,17.0,12.0,5.0,11.0,13.0,12.0,7,13,81,79,81,82,77,77,77,78,30.7147134590691,1766.694217442689,1676.7785728122983,3,4,3.0,0.147008547008547,0.6669459370544196,1.9876479636126336,6.661081258911608,3.351237935919404,5.80451437326466,0.5074409379074226,0.2730749750012129,0.2194840870913644,1,Draw,Home Win
2023,11/05/2024,Wolves,Crystal Palace,-1,2.88,3.5,2.38,0.3297129557796741,0.2713066607558461,0.3989803834644796,-0.0692674276848055,0.0584062950238279,0.1276737227086335,6.0,5.0,1.0,4.0,13.0,-9.0,1.3888888888888888,0.9444444444444444,1.5,1.7222222222222223,49,49,60,57,0.0,2.0,2.0,0.0,13.0,11.0,7.0,10.0,16.0,15.0,9,16,76,75,77,76,76,75,76,76,30.7147134590691,1675.3922503104868,1685.092227138336,4,4,2.0,0.2837606837606837,1.0,1.0,-0.6041162075243833,-0.6041162075243833,-0.6041162075243833,0.2442178771449092,0.3812903187229178,0.3744918041321731,0,Away Win,Draw
2023,13/05/2024,Aston Villa,Liverpool,0,4.2,4.33,1.7,0.2251965613240737,0.2184354636399791,0.556367975035947,-0.3311714137118732,0.0067610976840946,0.3379325113959678,8.0,8.0,0.0,8.0,7.0,1.0,2.5,1.8888888888888888,1.3888888888888888,1.1666666666666667,73,81,53,38,0.0,2.0,2.0,0.0,20.0,23.0,7.0,9.0,9.0,4.0,3,22,80,82,79,79,83,84,82,84,31.4222876740373,1686.1055703039187,2085.5535290758185,4,1,1.0,0.4811965811965812,0.8926908167475299,1.485008816889014,-2.146183665049402,-1.4452329445056775,-1.4452329445056775,0.216493517580621,0.2917361937170409,0.4917702887023381,-1,Draw,Away Win
2023,15/05/2024,Man United,Newcastle,1,2.75,4.0,2.3,0.3468426013195099,0.238454288407163,0.414703110273327,-0.0678605089538171,0.1083883129123468,0.176248821866164,8.0,6.0,2.0,5.0,10.0,-5.0,1.5555555555555556,1.7647058823529411,1.4444444444444444,2.0588235294117645,52,79,56,57,0.0,0.0,3.0,0.0,16.0,17.0,6.0,6.0,14.0,13.0,10,11,82,82,83,80,81,79,81,82,30.812133140421643,1862.6703393346615,1772.4987318159538,2,3,3.0,0.147008547008547,0.3326023541210946,3.985701595916215,-13.347952917578109,-3.3489594231676896,-5.800567873412998,0.3277898265311074,0.2527094703430047,0.419500703125888,-1,Home Win,Away Win
