Season,Date,HomeTeam,AwayTeam,ResultEncoded,Bet365HomeWinOddsPercentage,Bet365DrawOddsPercentage,Bet365AwayWinOddsPercentage,OddsDifference_HvA,OddsDifference_HvD,OddsDifference_AvD,HomeAdvantageIndex,Predicted
2023,2023-08-11,Burnley,Man City,-1,0.1180695666209345,0.171737551448632,0.7101928819304333,0.5921233153094987,0.0536679848276975,0.5384553304818012,-0.1999999999999999,0
2023,2023-08-12,Arsenal,Nott'm Forest,1,0.8017715332926084,0.1351557727550396,0.0630726939523518,0.7386988393402566,0.6666157605375688,0.0720830788026878,1.6,1
2023,2023-08-12,Bournemouth,West Ham,0,0.3505154639175257,0.2783505154639175,0.3711340206185567,0.0206185567010309,0.0721649484536082,0.0927835051546391,0.0,-1
2023,2023-08-12,Brighton,Luton,1,0.7196336410554626,0.17402049865523,0.1063458602893072,0.6132877807661553,0.5456131424002325,0.0676746383659228,0.0,1
2023,2023-08-12,Everton,Fulham,-1,0.4322033898305084,0.2796610169491525,0.288135593220339,0.1440677966101694,0.1525423728813559,0.0084745762711864,-0.3999999999999999,-1
2023,2023-08-12,Newcastle,Aston Villa,1,0.5413887799136916,0.2526480972930561,0.2059631227932522,0.3354256571204393,0.2887406826206355,0.0466849744998038,1.0,1
2023,2023-08-12,Sheffield United,Crystal Palace,-1,0.3154977102916365,0.2868161002651241,0.3976861894432393,0.0821884791516028,0.0286816100265123,0.1108700891781152,-0.1999999999999999,1
2023,2023-08-13,Brentford,Tottenham,0,0.3411487662537115,0.2759291491757961,0.3829220845704924,0.0417733183167809,0.0652196170779154,0.1069929353946963,1.2,1
2023,2023-08-13,Chelsea,Liverpool,0,0.3255813953488372,0.2777017783857728,0.3967168262653898,0.0711354309165526,0.0478796169630643,0.1190150478796169,-1.6,-1
2023,2023-08-14,Man United,Wolves,1,0.7196336410554626,0.17402049865523,0.1063458602893072,0.6132877807661553,0.5456131424002325,0.0676746383659228,2.8,1
2023,2023-08-18,Nott'm Forest,Sheffield United,1,0.4851944345344274,0.2782732786300392,0.2365322868355333,0.2486621476988941,0.2069211559043882,0.0417409917945059,1.4,1
2023,2023-08-19,Fulham,Brentford,-1,0.3515188335358444,0.287606318347509,0.3608748481166464,0.0093560145808019,0.0639125151883353,0.0732685297691373,0.1999999999999999,1
2023,2023-08-19,Liverpool,Bournemouth,1,0.7913043478260869,0.1356521739130434,0.0730434782608695,0.7182608695652174,0.6556521739130434,0.0626086956521738,0.8,1
2023,2023-08-19,Man City,Newcastle,1,0.5709391949757351,0.2383671139023694,0.1906936911218955,0.3802455038538396,0.3325720810733656,0.0476734227804738,1.4,1
2023,2023-08-19,Tottenham,Man United,1,0.3384955752212389,0.2632743362831858,0.3982300884955752,0.0597345132743362,0.0752212389380531,0.1349557522123893,0.0,-1
2023,2023-08-19,Wolves,Brighton,-1,0.2372595342558218,0.249746878164023,0.5129935875801553,0.2757340533243335,0.0124873439082011,0.2632467094161324,1.4,-1
2023,2023-08-20,Aston Villa,Everton,1,0.5546995377503853,0.2357473035439137,0.209553158705701,0.3451463790446842,0.3189522342064715,0.0261941448382126,1.8,1
2023,2023-08-20,West Ham,Chelsea,1,0.253393665158371,0.2714932126696832,0.4751131221719457,0.2217194570135746,0.0180995475113122,0.2036199095022624,0.7999999999999999,1
2023,2023-08-21,Crystal Palace,Arsenal,-1,0.1720430107526881,0.2365591397849462,0.5913978494623655,0.4193548387096774,0.064516129032258,0.3548387096774192,1.2000000000000002,-1
2023,2023-08-25,Chelsea,Luton,1,0.7397444519166108,0.1735036987222596,0.0867518493611298,0.652992602555481,0.5662407531943512,0.0867518493611298,0.6,1
2023,2023-08-26,Arsenal,Fulham,0,0.7913043478260869,0.1356521739130434,0.0730434782608695,0.7182608695652174,0.6556521739130434,0.0626086956521738,0.8,1
2023,2023-08-26,Bournemouth,Tottenham,-1,0.2498212448335396,0.2531521947646535,0.4970265604018067,0.247205315568267,0.0033309499311138,0.2438743656371532,0.0,-1
2023,2023-08-26,Brentford,Crystal Palace,0,0.4451094071441929,0.2814662427529456,0.2734243501028613,0.1716850570413315,0.1636431643912473,0.0080418926500842,0.8000000000000003,1
2023,2023-08-26,Brighton,West Ham,-1,0.619757688723206,0.1996272134203169,0.1806150978564771,0.4391425908667288,0.4201304753028891,0.0190121155638397,1.8,1
2023,2023-08-26,Everton,Wolves,-1,0.4139553116424931,0.2885143081144649,0.2975303802430419,0.1164249313994512,0.1254410035280282,0.009016072128577,0.6,0
2023,2023-08-26,Man United,Nott'm Forest,1,0.7250755287009064,0.1570996978851964,0.1178247734138973,0.6072507552870091,0.56797583081571,0.0392749244712991,2.6,1
2023,2023-08-27,Burnley,Aston Villa,-1,0.2792207792207792,0.2792207792207792,0.4415584415584415,0.1623376623376623,0.0,0.1623376623376623,0.7999999999999999,-1
2023,2023-08-27,Newcastle,Liverpool,-1,0.4310344827586207,0.2528735632183908,0.3160919540229885,0.1149425287356322,0.1781609195402299,0.0632183908045976,-0.2000000000000001,-1
2023,2023-08-27,Sheffield United,Man City,-1,0.0728008088978766,0.1183013144590495,0.8088978766430739,0.7360970677451972,0.0455005055611728,0.6905965621840243,-0.8,-1
2023,2023-09-01,Luton,West Ham,-1,0.2001735608909458,0.2502169511136823,0.5496094879953717,0.3494359271044258,0.0500433902227364,0.2993925368816893,0.0,-1
2023,2023-09-02,Brentford,Bournemouth,0,0.5496094879953717,0.2502169511136823,0.2001735608909458,0.3494359271044258,0.2993925368816893,0.0500433902227364,1.0000000000000002,1
2023,2023-09-02,Brighton,Newcastle,1,0.3790338353217288,0.2493643653432426,0.3716017993350283,0.0074320359867005,0.1296694699784862,0.1222374339917856,0.3999999999999999,-1
2023,2023-09-02,Burnley,Tottenham,-1,0.2600140548137737,0.2340126493323963,0.5059732958538299,0.2459592410400561,0.0260014054813774,0.2719606465214335,-0.7999999999999999,1
2023,2023-09-02,Chelsea,Nott'm Forest,-1,0.6775907883082374,0.2108060230292293,0.1116031886625332,0.5659875996457042,0.466784765279008,0.0992028343666961,0.7999999999999999,1
2023,2023-09-02,Man City,Fulham,1,0.8168266285480907,0.1194608944251582,0.063712477026751,0.7531141515213396,0.6973657341229325,0.0557484173984071,1.6,1
2023,2023-09-02,Sheffield United,Everton,0,0.3276209677419355,0.2923387096774194,0.3800403225806452,0.0524193548387096,0.0352822580645161,0.0877016129032258,0.0,1
2023,2023-09-03,Arsenal,Man United,1,0.540711462450593,0.2490118577075099,0.2102766798418972,0.3304347826086957,0.2916996047430831,0.0387351778656126,1.2,1
2023,2023-09-03,Crystal Palace,Wolves,1,0.4950748900815249,0.2865433454714281,0.2183817644470468,0.2766931256344781,0.2085315446100968,0.0681615810243813,1.0,1
2023,2023-09-03,Liverpool,Aston Villa,1,0.5769230769230769,0.2115384615384615,0.2115384615384615,0.3653846153846153,0.3653846153846153,0.0,1.8,1
2023,2023-09-16,Aston Villa,Crystal Palace,1,0.4979941900677825,0.2642135841748513,0.2377922257573661,0.2602019643104164,0.2337806058929312,0.0264213584174851,2.0,0
2023,2023-09-16,Fulham,Luton,1,0.5717651950932151,0.2546261002148451,0.1736087046919398,0.3981564904012752,0.31713909487837,0.0810173955229052,1.4,1
2023,2023-09-16,Man United,Brighton,-1,0.4378230465186987,0.2353298875038005,0.3268470659775007,0.1109759805411979,0.2024931590148981,0.0915171784737002,1.8,-1
2023,2023-09-16,Newcastle,Brentford,1,0.6175562417291575,0.2249669166299073,0.1574768416409351,0.4600794000882223,0.3925893250992501,0.0674900749889721,-0.4000000000000001,1
2023,2023-09-16,Tottenham,Sheffield United,1,0.7397444519166108,0.1735036987222596,0.0867518493611298,0.652992602555481,0.5662407531943512,0.0867518493611298,0.7999999999999999,1
2023,2023-09-16,West Ham,Man City,-1,0.1354436948624805,0.210690192008303,0.6538661131292164,0.5184224182667359,0.0752464971458224,0.4431759211209133,0.0,-1
2023,2023-09-16,Wolves,Liverpool,-1,0.1577801958650707,0.1893362350380848,0.6528835690968444,0.4951033732317736,0.0315560391730141,0.4635473340587596,-0.2000000000000001,-1
2023,2023-09-17,Bournemouth,Chelsea,0,0.2192875590858145,0.2532040348910871,0.5275084060230983,0.3082208469372838,0.0339164758052726,0.2743043711320111,0.2,-1
2023,2023-09-17,Everton,Arsenal,-1,0.1578947368421052,0.2105263157894737,0.6315789473684211,0.4736842105263158,0.0526315789473684,0.4210526315789474,-0.7999999999999999,-1
2023,2023-09-18,Nott'm Forest,Burnley,0,0.4337464251668255,0.2726406101048618,0.2936129647283127,0.1401334604385128,0.1611058150619637,0.0209723546234509,1.4,1
2023,2023-09-23,Brentford,Everton,-1,0.5256916996047432,0.2490118577075098,0.225296442687747,0.3003952569169961,0.2766798418972332,0.0237154150197628,0.6000000000000001,1
2023,2023-09-23,Burnley,Man United,-1,0.2258485639686684,0.2258485639686684,0.5483028720626633,0.3224543080939949,0.0,0.3224543080939949,-0.6,0
2023,2023-09-23,Crystal Palace,Fulham,0,0.4959022086400889,0.2785803583831088,0.2255174329768023,0.2703847756632865,0.2173218502569801,0.0530629254063064,0.6000000000000001,1
2023,2023-09-23,Luton,Wolves,0,0.2912772585669781,0.2784267912772585,0.4302959501557631,0.139018691588785,0.0128504672897196,0.1518691588785046,-0.6,-1
2023,2023-09-23,Man City,Nott'm Forest,1,0.8263659342796034,0.1108302547151467,0.0628038110052498,0.7635621232743535,0.7155356795644565,0.0480264437098969,2.0,1
2023,2023-09-24,Arsenal,Tottenham,0,0.5645371577574968,0.2177314211212516,0.2177314211212516,0.3468057366362451,0.3468057366362451,0.0,0.0,1
2023,2023-09-24,Brighton,Bournemouth,1,0.6942607775720708,0.1798466014281936,0.1258926209997355,0.5683681565723353,0.5144141761438772,0.053953980428458,1.2,1
2023,2023-09-24,Chelsea,Aston Villa,-1,0.4970265604018067,0.2531521947646535,0.2498212448335396,0.247205315568267,0.2438743656371532,0.0033309499311138,0.3999999999999999,1
2023,2023-09-24,Liverpool,West Ham,1,0.6756756756756757,0.1891891891891892,0.1351351351351351,0.5405405405405406,0.4864864864864864,0.054054054054054,1.2000000000000002,1
2023,2023-09-24,Sheffield United,Newcastle,-1,0.1363364560494319,0.2009168825991628,0.6627466613514053,0.5264102053019734,0.0645804265497309,0.4618297787522424,-0.1999999999999999,-1
2023,2023-09-30,Aston Villa,Brighton,1,0.3731343283582089,0.253731343283582,0.3731343283582089,0.0,0.1194029850746268,0.1194029850746268,1.2,-1
2023,2023-09-30,Bournemouth,Arsenal,-1,0.1719101123595505,0.2101123595505617,0.6179775280898876,0.446067415730337,0.0382022471910112,0.4078651685393258,-1.4,1
2023,2023-09-30,Everton,Luton,-1,0.6043404859191113,0.2496880428665801,0.1459714712143084,0.4583690147048028,0.3546524430525311,0.1037165716522717,0.6,1
2023,2023-09-30,Man United,Crystal Palace,-1,0.6102722850464338,0.2252195337671363,0.1645081811864299,0.4457641038600038,0.3850527512792975,0.0607113525807063,1.4,1
2023,2023-09-30,Newcastle,Burnley,1,0.7296439901304195,0.1649629890729644,0.1053930207966161,0.6242509693338033,0.564681001057455,0.0595699682763482,0.8,1
2023,2023-09-30,Tottenham,Liverpool,1,0.3253262719878949,0.2358615471912237,0.4388121808208814,0.1134859088329865,0.0894647247966711,0.2029506336296576,-0.2000000000000001,-1
2023,2023-09-30,West Ham,Sheffield United,1,0.6538661131292164,0.210690192008303,0.1354436948624805,0.5184224182667359,0.4431759211209133,0.0752464971458224,1.2000000000000002,1
2023,2023-09-30,Wolves,Man City,1,0.1189578067275908,0.1655065137079525,0.7155356795644564,0.5965778728368655,0.0465487069803616,0.5500291658565039,-0.6000000000000001,-1
2023,2023-10-01,Nott'm Forest,Brentford,0,0.3441611842105262,0.3053042763157894,0.3505345394736841,0.0063733552631578,0.0388569078947368,0.0452302631578946,0.8,-1
2023,2023-10-02,Fulham,Chelsea,-1,0.2642238998342847,0.2717731541152642,0.4640029460504511,0.1997790462161665,0.0075492542809795,0.1922297919351869,0.5999999999999999,-1
2023,2023-10-03,Luton,Burnley,-1,0.3258041871412644,0.3149440475698888,0.3592517652888466,0.0334475781475822,0.0108601395713755,0.0443077177189578,-0.5,-1
2023,2023-10-07,Burnley,Chelsea,-1,0.2089704059251724,0.2474649543850726,0.543564639689755,0.3345942337645825,0.0384945484599001,0.2960996853046823,-0.8,-1
2023,2023-10-07,Crystal Palace,Nott'm Forest,0,0.4308880308880308,0.3057915057915057,0.2633204633204633,0.1675675675675675,0.125096525096525,0.0424710424710424,0.8,1
2023,2023-10-07,Everton,Bournemouth,1,0.491838642410297,0.2609477241676853,0.2472136334220177,0.2446250089882793,0.2308909182426116,0.0137340907456676,0.3999999999999999,1
2023,2023-10-07,Fulham,Sheffield United,1,0.5895128762022959,0.251318647223084,0.1591684765746199,0.4303443996276759,0.3381942289792118,0.0921501706484641,0.7999999999999999,1
2023,2023-10-07,Luton,Tottenham,-1,0.1562234193365466,0.1973348454777431,0.6464417351857102,0.4902183158491636,0.0411114261411964,0.4491068897079671,-1.866666666666667,-1
2023,2023-10-07,Man United,Brentford,1,0.5716905706876048,0.2273150602495952,0.2009943690627999,0.3706962016248047,0.3443755104380095,0.0263206911867952,0.4000000000000001,1
2023,2023-10-08,Arsenal,Man City,1,0.3239263803680982,0.2846625766871166,0.3914110429447853,0.0674846625766871,0.0392638036809815,0.1067484662576687,0.4000000000000001,-1
2023,2023-10-08,Brighton,Liverpool,0,0.3171471927162367,0.2503793626707132,0.4324734446130501,0.1153262518968133,0.0667678300455235,0.1820940819423369,0.3999999999999999,-1
2023,2023-10-08,West Ham,Newcastle,0,0.2961082910321489,0.2526790750141003,0.4512126339537506,0.1551043429216017,0.0434292160180485,0.1985335589396503,1.4,-1
2023,2023-10-08,Wolves,Aston Villa,0,0.2705570291777188,0.2785145888594165,0.4509283819628648,0.1803713527851459,0.0079575596816976,0.1724137931034483,0.0,-1
2023,2023-10-21,Bournemouth,Wolves,-1,0.4010695187165775,0.2807486631016043,0.3181818181818181,0.0828877005347594,0.1203208556149732,0.0374331550802138,-0.4,1
2023,2023-10-21,Brentford,Burnley,1,0.5198277142432793,0.2536759245507203,0.2264963612060003,0.293331353037279,0.266151789692559,0.02717956334472,0.1999999999999999,1
2023,2023-10-21,Chelsea,Arsenal,0,0.2973183054799844,0.2798289933929265,0.4228527011270889,0.1255343956471045,0.0174893120870578,0.1430237077341624,-1.4,-1
2023,2023-10-21,Liverpool,Everton,1,0.7099057574385776,0.1642042882423144,0.1258899543191077,0.5840158031194699,0.5457014691962632,0.0383143339232067,1.0,1
2023,2023-10-21,Man City,Brighton,1,0.6747404844290658,0.1799307958477508,0.1453287197231834,0.5294117647058824,0.4948096885813149,0.0346020761245674,1.8,1
2023,2023-10-21,Newcastle,Crystal Palace,1,0.6538661131292164,0.210690192008303,0.1354436948624805,0.5184224182667359,0.4431759211209133,0.0752464971458224,0.3999999999999999,1
2023,2023-10-21,Nott'm Forest,Luton,0,0.5717651950932151,0.2546261002148451,0.1736087046919398,0.3981564904012752,0.31713909487837,0.0810173955229052,1.4500000000000002,1
2023,2023-10-21,Sheffield United,Man United,-1,0.1453287197231834,0.1799307958477508,0.6747404844290658,0.5294117647058824,0.0346020761245674,0.4948096885813149,-0.3999999999999999,-1
2023,2023-10-22,Aston Villa,West Ham,1,0.5059732958538299,0.2600140548137737,0.2340126493323963,0.2719606465214335,0.2459592410400561,0.0260014054813774,1.6,1
2023,2023-10-23,Tottenham,Fulham,1,0.631578947368421,0.2105263157894736,0.1578947368421052,0.4736842105263157,0.4210526315789473,0.0526315789473684,1.4,1
2023,2023-10-27,Crystal Palace,Tottenham,-1,0.2095808383233532,0.2514970059880239,0.5389221556886227,0.3293413173652694,0.0419161676646706,0.2874251497005987,-1.0000000000000002,-1
2023,2023-10-28,Arsenal,Sheffield United,1,0.8386342983253279,0.1114890302479553,0.0498766714267168,0.7887576268986111,0.7271452680773726,0.0616123588212384,2.2,1
2023,2023-10-28,Bournemouth,Burnley,1,0.4413450515857852,0.2711119602598395,0.2875429881543752,0.15380206343141,0.1702330913259457,0.0164310278945357,-0.6,0
2023,2023-10-28,Chelsea,Brentford,-1,0.5791106514994829,0.2388831437435367,0.1820062047569803,0.3971044467425026,0.3402275077559462,0.0568769389865563,-0.3999999999999999,1
2023,2023-10-28,Wolves,Newcastle,0,0.2247191011235955,0.2359550561797752,0.5393258426966292,0.3146067415730337,0.0112359550561797,0.3033707865168539,0.0,1
2023,2023-10-29,Aston Villa,Luton,1,0.7553516819571866,0.1452599388379205,0.0993883792048929,0.6559633027522936,0.6100917431192661,0.0458715596330275,2.2,1
2023,2023-10-29,Brighton,Fulham,0,0.6057427559984266,0.2235479218565622,0.1707093221450111,0.4350334338534155,0.3821948341418644,0.052838599711551,1.0,1
2023,2023-10-29,Liverpool,Nott'm Forest,1,0.7453672333028902,0.1672215184279527,0.0874112482691571,0.6579559850337331,0.5781457148749375,0.0798102701587956,1.8,1
2023,2023-10-29,Man United,Man City,-1,0.1883309591642925,0.2478038936372269,0.5638651471984806,0.375534188034188,0.0594729344729344,0.3160612535612536,0.0,-1
2023,2023-10-29,West Ham,Everton,-1,0.4413450515857852,0.2711119602598395,0.2875429881543752,0.15380206343141,0.1702330913259457,0.0164310278945357,1.0,1
2023,2023-11-04,Brentford,West Ham,1,0.464002946050451,0.2642238998342846,0.2717731541152641,0.1922297919351869,0.1997790462161664,0.0075492542809795,-0.1999999999999999,-1
2023,2023-11-04,Burnley,Crystal Palace,-1,0.3443708609271523,0.2913907284768212,0.3642384105960265,0.0198675496688741,0.0529801324503311,0.0728476821192052,-1.4,-1
2023,2023-11-04,Everton,Brighton,0,0.3057915057915057,0.2633204633204633,0.4308880308880308,0.125096525096525,0.0424710424710424,0.1675675675675675,-0.6,-1
2023,2023-11-04,Fulham,Man United,-1,0.2990936555891239,0.2658610271903323,0.4350453172205438,0.1359516616314199,0.0332326283987915,0.1691842900302114,-0.4000000000000001,-1
2023,2023-11-04,Man City,Bournemouth,1,0.8636363636363636,0.0863636363636363,0.05,0.8136363636363636,0.7772727272727273,0.0363636363636363,2.8,1
2023,2023-11-04,Newcastle,Arsenal,1,0.3387622149837133,0.2964169381107491,0.3648208469055374,0.026058631921824,0.0423452768729641,0.0684039087947882,0.3999999999999999,-1
2023,2023-11-04,Sheffield United,Wolves,1,0.2508960573476702,0.2724014336917562,0.4767025089605735,0.2258064516129032,0.021505376344086,0.2043010752688172,-1.2,1
2023,2023-11-05,Luton,Liverpool,0,0.0788505518544297,0.1455702495774087,0.7755791985681615,0.6967286467137317,0.066719697722979,0.6300089489907528,-1.35,-1
2023,2023-11-05,Nott'm Forest,Aston Villa,1,0.2277764097512928,0.255109578921448,0.5171140113272593,0.2893376015759665,0.0273331691701551,0.2620044324058113,0.4000000000000001,-1
2023,2023-11-06,Tottenham,Chelsea,-1,0.4751131221719458,0.2533936651583711,0.2714932126696833,0.2036199095022625,0.2217194570135747,0.0180995475113122,1.0,1
2023,2023-11-11,Arsenal,Burnley,1,0.8077654086342655,0.1361661688840618,0.0560684224816725,0.751696986152593,0.6715992397502036,0.0800977464023893,1.4,1
2023,2023-11-11,Bournemouth,Newcastle,1,0.2027096301720981,0.2407176858293665,0.5565726839985353,0.3538630538264372,0.0380080556572684,0.3158549981691688,-0.1999999999999999,-1
2023,2023-11-11,Crystal Palace,Everton,-1,0.3872529245663574,0.2964905203711174,0.3162565550625252,0.0709963695038322,0.09076240419524,0.0197660346914078,-0.3999999999999999,1
2023,2023-11-11,Man United,Luton,1,0.7177033492822967,0.1818181818181818,0.1004784688995215,0.6172248803827752,0.5358851674641149,0.0813397129186603,0.3999999999999999,1
2023,2023-11-11,Wolves,Tottenham,1,0.3090466379471811,0.2554785540363364,0.4354748080164825,0.1264281700693014,0.0535680839108447,0.1799962539801461,-1.6,-1
2023,2023-11-12,Aston Villa,Fulham,1,0.6026768243366641,0.2252863367163244,0.1720368389470114,0.4306399853896527,0.3773904876203396,0.053249497769313,2.4,1
2023,2023-11-12,Brighton,Sheffield United,0,0.7612985359643539,0.1654996817313812,0.0732017823042648,0.6880967536600892,0.5957988542329726,0.0922978994271164,1.6,1
2023,2023-11-12,Chelsea,Man City,0,0.1907841793091115,0.2578164585258263,0.5513993621650621,0.3606151828559506,0.0670322792167147,0.2935829036392358,-1.0,-1
2023,2023-11-12,Liverpool,Brentford,1,0.6687242798353908,0.1872427983539094,0.1440329218106995,0.5246913580246912,0.4814814814814814,0.0432098765432098,1.6,1
2023,2023-11-12,West Ham,Nott'm Forest,1,0.5059732958538299,0.2600140548137737,0.2340126493323963,0.2719606465214335,0.2459592410400561,0.0260014054813774,0.5999999999999999,1
2023,2023-11-25,Brentford,Arsenal,-1,0.2095808383233532,0.2514970059880239,0.5389221556886227,0.3293413173652694,0.0419161676646706,0.2874251497005987,-0.3999999999999999,-1
2023,2023-11-25,Burnley,West Ham,-1,0.2754847379535419,0.2676137454405836,0.4569015166058745,0.1814167786523325,0.0078709925129583,0.1892877711652909,-1.2,1
2023,2023-11-25,Luton,Crystal Palace,1,0.2627986348122866,0.2866894197952218,0.4505119453924914,0.1877133105802047,0.0238907849829351,0.1638225255972695,-1.0,1
2023,2023-11-25,Man City,Liverpool,0,0.5483028720626633,0.2258485639686684,0.2258485639686684,0.3224543080939949,0.3224543080939949,0.0,1.4,1
2023,2023-11-25,Newcastle,Chelsea,1,0.3706238801763534,0.2700259698427717,0.3593501499808749,0.0112737301954784,0.1005979103335816,0.0893241801381032,0.3999999999999999,1
2023,2023-11-25,Nott'm Forest,Brighton,-1,0.296097934200459,0.2631981637337414,0.4407039020657995,0.1446059678653404,0.0328997704667176,0.1775057383320581,0.4000000000000001,-1
2023,2023-11-25,Sheffield United,Bournemouth,-1,0.2968388589051658,0.2713955281418658,0.4317656129529684,0.1349267540478025,0.0254433307632999,0.1603700848111025,0.6000000000000001,-1
2023,2023-11-26,Everton,Man United,-1,0.3505154639175257,0.2783505154639175,0.3711340206185567,0.0206185567010309,0.0721649484536082,0.0927835051546391,-1.0,-1
2023,2023-11-26,Tottenham,Aston Villa,-1,0.4120836560805577,0.249419054996127,0.3384972889233152,0.0735863671572424,0.1626646010844307,0.0890782339271882,1.0,-1
2023,2023-11-27,Fulham,Wolves,1,0.3976861894432393,0.2868161002651241,0.3154977102916365,0.0821884791516028,0.1108700891781152,0.0286816100265123,-0.1999999999999999,1
2023,2023-12-02,Arsenal,Wolves,1,0.7510668563300142,0.1706970128022759,0.0782361308677098,0.6728307254623045,0.5803698435277382,0.0924608819345661,1.8,1
2023,2023-12-02,Brentford,Luton,1,0.6471238938053098,0.2085176991150442,0.144358407079646,0.5027654867256638,0.4386061946902655,0.0641592920353982,0.5999999999999999,1
2023,2023-12-02,Burnley,Sheffield United,1,0.5263157894736842,0.2631578947368421,0.2105263157894736,0.3157894736842105,0.2631578947368421,0.0526315789473684,-0.2,1
2023,2023-12-02,Newcastle,Man United,1,0.4970265604018067,0.2531521947646535,0.2498212448335396,0.247205315568267,0.2438743656371532,0.0033309499311138,0.6000000000000001,1
2023,2023-12-02,Nott'm Forest,Everton,-1,0.3443708609271523,0.2913907284768212,0.3642384105960265,0.0198675496688741,0.0529801324503311,0.0728476821192052,-0.8,-1
2023,2023-12-03,Bournemouth,Aston Villa,0,0.2782732786300392,0.2365322868355333,0.4851944345344273,0.2069211559043881,0.0417409917945059,0.248662147698894,0.0,1
2023,2023-12-03,Chelsea,Brighton,1,0.5483028720626633,0.2258485639686684,0.2258485639686684,0.3224543080939949,0.3224543080939949,0.0,-1.0,1
2023,2023-12-03,Liverpool,Fulham,1,0.7512038523274479,0.1444622792937399,0.1043338683788122,0.6468699839486357,0.6067415730337079,0.0401284109149277,2.6,1
2023,2023-12-03,Man City,Tottenham,0,0.7361963190184049,0.158282208588957,0.105521472392638,0.6306748466257668,0.5779141104294478,0.052760736196319,0.6000000000000001,1
2023,2023-12-03,West Ham,Crystal Palace,0,0.4767025089605735,0.2724014336917562,0.2508960573476702,0.2258064516129032,0.2043010752688172,0.021505376344086,0.1999999999999999,1
2023,2023-12-05,Luton,Arsenal,-1,0.0560684224816725,0.1361661688840618,0.8077654086342655,0.751696986152593,0.0800977464023893,0.6715992397502036,-1.0,-1
2023,2023-12-05,Wolves,Burnley,1,0.5116751269035532,0.2629441624365482,0.2253807106598984,0.2862944162436547,0.248730964467005,0.0375634517766497,1.0,0
2023,2023-12-06,Aston Villa,Man City,1,0.2030427982368832,0.229631736101237,0.5673254656618798,0.3642826674249965,0.0265889378643537,0.3376937295606428,1.6,-1
2023,2023-12-06,Brighton,Brentford,1,0.4970265604018067,0.2498212448335396,0.2531521947646535,0.2438743656371532,0.247205315568267,0.0033309499311138,1.0,1
2023,2023-12-06,Crystal Palace,Bournemouth,-1,0.4221789883268482,0.2714007782101167,0.306420233463035,0.1157587548638132,0.1507782101167315,0.0350194552529182,0.1999999999999999,1
2023,2023-12-06,Fulham,Nott'm Forest,1,0.4713493530499075,0.277264325323475,0.2513863216266174,0.2199630314232901,0.1940850277264325,0.0258780036968576,1.0,-1
2023,2023-12-06,Man United,Chelsea,1,0.3308443879577409,0.2802446580347923,0.3889109540074668,0.0580665660497259,0.0505997299229485,0.1086662959726745,-0.8,1
2023,2023-12-06,Sheffield United,Liverpool,-1,0.0793650793650793,0.1269841269841269,0.7936507936507936,0.7142857142857142,0.0476190476190476,0.6666666666666666,-0.3999999999999999,-1
2023,2023-12-07,Everton,Newcastle,1,0.2903225806451613,0.2903225806451613,0.4193548387096774,0.129032258064516,0.0,0.129032258064516,-0.1999999999999999,-1
2023,2023-12-07,Tottenham,West Ham,-1,0.5454545454545454,0.2272727272727272,0.2272727272727272,0.3181818181818182,0.3181818181818182,0.0,0.6000000000000001,1
2023,2023-12-09,Aston Villa,Arsenal,1,0.2866894197952218,0.2627986348122866,0.4505119453924914,0.1638225255972695,0.0238907849829351,0.1877133105802047,1.0,-1
2023,2023-12-09,Brighton,Burnley,0,0.638655462184874,0.2016806722689075,0.1596638655462185,0.4789915966386555,0.4369747899159664,0.042016806722689,1.2000000000000002,1
2023,2023-12-09,Crystal Palace,Liverpool,-1,0.1578947368421052,0.2105263157894737,0.6315789473684211,0.4736842105263158,0.0526315789473684,0.4210526315789474,-0.7999999999999999,-1
2023,2023-12-09,Man United,Bournemouth,-1,0.6144269091716742,0.219944967486396,0.1656281233419295,0.4487987858297446,0.3944819416852781,0.0543168441444665,0.6000000000000001,1
2023,2023-12-09,Sheffield United,Brentford,1,0.2219626168224299,0.2453271028037383,0.5327102803738317,0.3107476635514018,0.0233644859813084,0.2873831775700934,-0.2,-1
2023,2023-12-09,Wolves,Nott'm Forest,0,0.5151610291323099,0.2647355288596593,0.2201034420080307,0.2950575871242791,0.2504255002726506,0.0446320868516285,2.0,0
2023,2023-12-10,Everton,Chelsea,1,0.306420233463035,0.2714007782101167,0.4221789883268482,0.1157587548638132,0.0350194552529182,0.1507782101167315,-0.4000000000000001,-1
2023,2023-12-10,Fulham,West Ham,1,0.3998896856039713,0.2719249862107005,0.3281853281853282,0.0717043574186431,0.1279646993932708,0.0562603419746277,0.6000000000000001,0
2023,2023-12-10,Luton,Man City,-1,0.0554407294832826,0.1178115501519756,0.8267477203647416,0.7713069908814589,0.062370820668693,0.708936170212766,0.0,-1
2023,2023-12-10,Tottenham,Newcastle,1,0.4426075521322562,0.250422693969566,0.3069697538981777,0.1356377982340785,0.1921848581626902,0.0565470599286117,0.1999999999999999,-1
2023,2023-12-15,Nott'm Forest,Tottenham,-1,0.2258485639686684,0.2258485639686684,0.5483028720626633,0.3224543080939949,0.0,0.3224543080939949,-0.6000000000000001,0
2023,2023-12-16,Burnley,Everton,-1,0.2650334075723831,0.2806236080178174,0.4543429844097996,0.1893095768374164,0.0155902004454342,0.1737193763919821,-1.7999999999999998,1
2023,2023-12-16,Chelsea,Sheffield United,1,0.78031212484994,0.1464585834333733,0.0732292917166866,0.7070828331332533,0.6338535414165666,0.0732292917166866,0.8,1
2023,2023-12-16,Man City,Crystal Palace,0,0.8075788165864264,0.1191178754464978,0.0733033079670756,0.7342755086193508,0.6884609411399285,0.0458145674794222,0.8000000000000003,1
2023,2023-12-16,Newcastle,Fulham,1,0.5198358413132695,0.2462380300957592,0.2339261285909712,0.2859097127222982,0.2735978112175103,0.0123119015047879,2.6,1
2023,2023-12-17,Arsenal,Brighton,1,0.6544502617801047,0.1884816753926701,0.1570680628272251,0.4973821989528795,0.4659685863874345,0.031413612565445,1.8,1
2023,2023-12-17,Brentford,Aston Villa,-1,0.2961082910321489,0.2526790750141003,0.4512126339537506,0.1551043429216017,0.0434292160180485,0.1985335589396503,0.1999999999999999,-1
2023,2023-12-17,Liverpool,Man United,0,0.7250755287009064,0.1570996978851964,0.1178247734138973,0.6072507552870091,0.56797583081571,0.0392749244712991,0.6000000000000001,1
2023,2023-12-17,West Ham,Wolves,1,0.4413450515857852,0.2711119602598395,0.2875429881543752,0.15380206343141,0.1702330913259457,0.0164310278945357,0.8,1
2023,2023-12-21,Crystal Palace,Brighton,0,0.2828947368421052,0.2828947368421052,0.4342105263157894,0.1513157894736841,0.0,0.1513157894736841,-0.6000000000000001,-1
2023,2023-12-22,Aston Villa,Sheffield United,0,0.7755791985681615,0.1455702495774087,0.0788505518544297,0.6967286467137317,0.6300089489907528,0.066719697722979,2.8,1
2023,2023-12-23,Fulham,Burnley,-1,0.5670771224886585,0.2525383452149492,0.1803845322963923,0.3866925901922662,0.3145387772737092,0.0721538129185569,2.2,1
2023,2023-12-23,Liverpool,Arsenal,0,0.3982300884955752,0.2632743362831858,0.3384955752212389,0.0597345132743362,0.1349557522123893,0.0752212389380531,1.2000000000000002,-1
2023,2023-12-23,Luton,Newcastle,1,0.1996111471160077,0.2257507020954849,0.5746381507885073,0.3750270036724995,0.0261395549794772,0.3488874486930223,0.4,-1
2023,2023-12-23,Nott'm Forest,Bournemouth,-1,0.3463497453310696,0.2801358234295416,0.3735144312393889,0.0271646859083192,0.066213921901528,0.0933786078098472,-1.0,-1
2023,2023-12-23,Tottenham,Everton,1,0.5393258426966292,0.2247191011235955,0.2359550561797752,0.3033707865168539,0.3146067415730337,0.0112359550561797,-1.2,1
2023,2023-12-23,West Ham,Man United,1,0.3673469387755102,0.2653061224489796,0.3673469387755102,0.0,0.1020408163265305,0.1020408163265305,-0.3999999999999999,1
2023,2023-12-24,Wolves,Chelsea,1,0.2523117569352708,0.2523117569352708,0.4953764861294584,0.2430647291941876,0.0,0.2430647291941876,0.6000000000000001,-1
2023,2023-12-26,Bournemouth,Fulham,1,0.4407039020657995,0.2631981637337414,0.296097934200459,0.1446059678653404,0.1775057383320581,0.0328997704667176,1.2,-1
2023,2023-12-26,Burnley,Liverpool,-1,0.1453287197231834,0.1799307958477508,0.6747404844290658,0.5294117647058824,0.0346020761245674,0.4948096885813149,-1.2000000000000002,-1
2023,2023-12-26,Man United,Aston Villa,1,0.3645833333333333,0.2708333333333333,0.3645833333333333,0.0,0.09375,0.09375,0.1999999999999999,1
2023,2023-12-26,Newcastle,Nott'm Forest,-1,0.6221653026800774,0.215530705316424,0.1623039920034984,0.459861310676579,0.4066345973636533,0.0532267133129255,2.6,1
2023,2023-12-26,Sheffield United,Luton,-1,0.4100200400801603,0.2857715430861723,0.3042084168336673,0.105811623246493,0.1242484969939879,0.0184368737474949,0.3999999999999999,1
2023,2023-12-27,Brentford,Wolves,-1,0.4946996466431095,0.2756183745583038,0.2296819787985865,0.265017667844523,0.2190812720848057,0.0459363957597173,1.2000000000000002,1
2023,2023-12-27,Chelsea,Crystal Palace,1,0.5709391949757351,0.2383671139023694,0.1906936911218955,0.3802455038538396,0.3325720810733656,0.0476734227804738,0.6000000000000001,1
2023,2023-12-27,Everton,Man City,-1,0.1639365659466162,0.2356588135482608,0.600404620505123,0.4364680545585068,0.0717222476016445,0.3647458069568622,0.6000000000000001,-1
2023,2023-12-28,Arsenal,West Ham,-1,0.7046463956269218,0.1703963102152374,0.1249572941578407,0.579689101469081,0.5342500854116843,0.0454390160573966,1.8,1
2023,2023-12-28,Brighton,Tottenham,1,0.3765084473049075,0.2614641995172969,0.3620273531777956,0.0144810941271119,0.1150442477876106,0.1005631536604987,-0.6000000000000001,1
2023,2023-12-30,Aston Villa,Burnley,1,0.6942607775720708,0.1798466014281936,0.1258926209997355,0.5683681565723353,0.5144141761438772,0.053953980428458,1.8,1
2023,2023-12-30,Crystal Palace,Brentford,1,0.4322033898305084,0.288135593220339,0.2796610169491525,0.1525423728813559,0.1440677966101694,0.0084745762711864,-0.3999999999999999,0
2023,2023-12-30,Luton,Chelsea,-1,0.1453287197231834,0.2249134948096885,0.629757785467128,0.4844290657439446,0.0795847750865051,0.4048442906574394,0.7999999999999999,-1
2023,2023-12-30,Man City,Sheffield United,1,0.8807288790723358,0.0864715626725566,0.0327995582551076,0.847929320817228,0.7942573163997791,0.0536720044174489,1.4,1
2023,2023-12-30,Nott'm Forest,Man United,1,0.296097934200459,0.2631981637337414,0.4407039020657995,0.1446059678653404,0.0328997704667176,0.1775057383320581,-0.7999999999999999,-1
2023,2023-12-30,Wolves,Everton,1,0.3608748481166464,0.287606318347509,0.3515188335358444,0.0093560145808019,0.0732685297691373,0.0639125151883353,-0.1999999999999997,1
2023,2023-12-31,Fulham,Arsenal,1,0.1800580832526621,0.2100677637947725,0.6098741529525653,0.4298160696999031,0.0300096805421103,0.3998063891577927,0.4000000000000001,-1
2023,2023-12-31,Tottenham,Bournemouth,1,0.5393258426966292,0.2247191011235955,0.2359550561797752,0.3033707865168539,0.3146067415730337,0.0112359550561797,-1.2,1
2023,2024-01-01,Liverpool,Newcastle,1,0.6538661131292164,0.210690192008303,0.1354436948624805,0.5184224182667359,0.4431759211209133,0.0752464971458224,2.0,1
2023,2024-01-02,West Ham,Brighton,0,0.3930443068127679,0.2567889471176751,0.3501667460695569,0.0428775607432109,0.1362553596950928,0.0933777989518818,1.0,-1
2023,2024-01-12,Burnley,Luton,0,0.4736842105263157,0.2631578947368421,0.2631578947368421,0.2105263157894736,0.2105263157894736,0.0,-0.2,-1
2023,2024-01-13,Chelsea,Fulham,1,0.5932203389830508,0.2259887005649717,0.1807909604519773,0.4124293785310734,0.3672316384180791,0.0451977401129943,1.8,1
2023,2024-01-13,Newcastle,Man City,-1,0.1718627965635122,0.2183014736949925,0.6098357297414951,0.4379729331779828,0.0464386771314802,0.3915342560465026,0.3999999999999999,1
2023,2024-01-14,Everton,Aston Villa,0,0.3398058252427184,0.2718446601941747,0.3883495145631068,0.0485436893203883,0.0679611650485437,0.116504854368932,0.0,0
2023,2024-01-14,Man United,Tottenham,0,0.4310344827586207,0.2528735632183908,0.3160919540229885,0.1149425287356322,0.1781609195402299,0.0632183908045976,0.4000000000000001,-1
2023,2024-01-20,Arsenal,Crystal Palace,1,0.7296439901304195,0.1649629890729644,0.1053930207966161,0.6242509693338033,0.564681001057455,0.0595699682763482,1.4,1
2023,2024-01-20,Brentford,Nott'm Forest,1,0.4979941900677825,0.2642135841748513,0.2377922257573661,0.2602019643104164,0.2337806058929312,0.0264213584174851,0.3999999999999999,0
2023,2024-01-21,Bournemouth,Liverpool,-1,0.2270703472840605,0.2119323241317898,0.5609973285841496,0.3339269813000891,0.0151380231522706,0.3490650044523598,-0.2000000000000001,-1
2023,2024-01-21,Sheffield United,West Ham,0,0.2796610169491525,0.288135593220339,0.4322033898305084,0.1525423728813559,0.0084745762711864,0.1440677966101694,-0.6000000000000001,0
2023,2024-01-22,Brighton,Wolves,0,0.5844322369042638,0.2227051249173291,0.192862638178407,0.3915695987258567,0.3617271119869346,0.029842486738922,1.2000000000000002,1
2023,2024-01-30,Aston Villa,Newcastle,-1,0.5129935875801552,0.2372595342558218,0.2497468781640229,0.2632467094161322,0.2757340533243334,0.0124873439082011,2.6,1
2023,2024-01-30,Crystal Palace,Sheffield United,1,0.5885015844273427,0.2648257129923042,0.1466727025803531,0.4418288818469895,0.3236758714350384,0.1181530104119511,0.4,1
2023,2024-01-30,Fulham,Everton,0,0.3872529245663574,0.2964905203711174,0.3162565550625252,0.0709963695038322,0.09076240419524,0.0197660346914078,0.5999999999999999,1
2023,2024-01-30,Luton,Brighton,1,0.2272727272727273,0.2272727272727273,0.5454545454545455,0.3181818181818182,0.0,0.3181818181818182,0.1999999999999999,-1
2023,2024-01-30,Nott'm Forest,Arsenal,-1,0.1272727272727272,0.1909090909090909,0.6818181818181818,0.5545454545454545,0.0636363636363636,0.4909090909090908,-0.7999999999999999,0
2023,2024-01-31,Liverpool,Chelsea,1,0.6018171661844011,0.2182108431661685,0.1799719906494304,0.4218451755349706,0.3836063230182325,0.038238852516738,1.6,1
2023,2024-01-31,Man City,Burnley,1,0.8760951188986232,0.0788485607008761,0.0450563204005006,0.8310387984981226,0.7972465581977471,0.0337922403003754,1.0,1
2023,2024-01-31,Tottenham,Brentford,1,0.5716905706876048,0.2273150602495952,0.2009943690627999,0.3706962016248047,0.3443755104380095,0.0263206911867952,1.2000000000000002,1
2023,2024-02-01,West Ham,Bournemouth,0,0.3979739507959479,0.2547033285094067,0.3473227206946455,0.0506512301013024,0.1432706222865412,0.0926193921852387,-0.1999999999999997,-1
2023,2024-02-01,Wolves,Man United,-1,0.3620659054605691,0.2645092587114713,0.3734248358279596,0.0113589303673904,0.0975566467490978,0.1089155771164882,1.8,1
2023,2024-02-03,Brighton,Crystal Palace,1,0.5608856088560886,0.2383763837638376,0.2007380073800738,0.3601476014760148,0.322509225092251,0.0376383763837638,1.4,1
2023,2024-02-03,Burnley,Fulham,0,0.3255813953488372,0.2777017783857728,0.3967168262653898,0.0711354309165526,0.0478796169630643,0.1190150478796169,0.8,-1
2023,2024-02-03,Everton,Tottenham,0,0.3157894736842105,0.2631578947368421,0.4210526315789473,0.1052631578947368,0.0526315789473684,0.1578947368421052,0.3999999999999999,-1
2023,2024-02-03,Newcastle,Luton,0,0.6558682952734998,0.1988316516197557,0.1453000531067445,0.5105682421667552,0.4570366436537441,0.0535315985130111,1.0,0
2023,2024-02-03,Sheffield United,Aston Villa,-1,0.1821247892074199,0.2276559865092748,0.5902192242833053,0.4080944350758854,0.0455311973018549,0.3625632377740304,-0.8,-1
2023,2024-02-04,Arsenal,Liverpool,1,0.4308880308880309,0.2633204633204634,0.3057915057915058,0.125096525096525,0.1675675675675675,0.0424710424710424,-0.2000000000000001,-1
2023,2024-02-04,Bournemouth,Nott'm Forest,0,0.5609973285841497,0.2270703472840606,0.2119323241317898,0.3490650044523599,0.3339269813000891,0.0151380231522707,1.2,1
2023,2024-02-04,Chelsea,Wolves,-1,0.5883926183471516,0.2382990104305964,0.1733083712222519,0.4150842471248996,0.3500936079165552,0.0649906392083444,1.8,1
2023,2024-02-04,Man United,West Ham,1,0.5848930481283423,0.2256016042780748,0.1895053475935829,0.3953877005347593,0.3592914438502674,0.0360962566844919,0.0,1
2023,2024-02-05,Brentford,Man City,-1,0.1338028169014084,0.1971830985915492,0.6690140845070423,0.5352112676056338,0.0633802816901408,0.471830985915493,-0.8,0
2023,2024-02-10,Fulham,Bournemouth,1,0.3952569169960474,0.2687747035573122,0.3359683794466403,0.0592885375494071,0.1264822134387351,0.067193675889328,0.0,1
2023,2024-02-10,Liverpool,Burnley,1,0.8229954614220878,0.1203630862329803,0.0566414523449319,0.7663540090771559,0.7026323751891075,0.0637216338880484,1.4,1
2023,2024-02-10,Luton,Sheffield United,-1,0.5449330783938815,0.254302103250478,0.2007648183556405,0.3441682600382409,0.2906309751434034,0.0535372848948374,1.0,1
2023,2024-02-10,Man City,Everton,1,0.8075788165864264,0.1191178754464978,0.0733033079670756,0.7342755086193508,0.6884609411399285,0.0458145674794222,0.4000000000000001,1
2023,2024-02-10,Nott'm Forest,Newcastle,-1,0.2865529773553256,0.2521666200726866,0.4612804025719877,0.174727425216662,0.034386357282639,0.2091137824993011,0.0,-1
2023,2024-02-10,Tottenham,Brighton,1,0.5256916996047432,0.225296442687747,0.2490118577075098,0.2766798418972332,0.3003952569169961,0.0237154150197628,2.0,1
2023,2024-02-10,Wolves,Brentford,-1,0.4543429844097995,0.2650334075723831,0.2806236080178174,0.1737193763919821,0.1893095768374164,0.0155902004454342,2.0,1
2023,2024-02-11,Aston Villa,Man United,-1,0.4411346172089934,0.2529171805331562,0.3059482022578503,0.1351864149511431,0.1882174366758371,0.053031021724694,1.2,-1
2023,2024-02-11,West Ham,Arsenal,-1,0.1585477050322006,0.2196965889591694,0.6217557060086298,0.4632080009764292,0.0611488839269688,0.4020591170494604,0.4000000000000001,-1
2023,2024-02-12,Crystal Palace,Chelsea,-1,0.2285435630689207,0.2526007802340703,0.5188556566970092,0.2903120936280884,0.0240572171651495,0.2662548764629389,0.7999999999999999,-1
2023,2024-02-17,Brentford,Liverpool,-1,0.1732083846097008,0.2200106501970796,0.6067809651932196,0.4335725805835186,0.0468022655873787,0.3867703149961399,-1.2,1
2023,2024-02-17,Burnley,Arsenal,-1,0.0953191762778295,0.1657724804831818,0.7389083432389886,0.6435891669611591,0.0704533042053522,0.5731358627558067,-0.3999999999999999,-1
2023,2024-02-17,Fulham,Aston Villa,-1,0.3234659870613605,0.2501470299941188,0.4263869829445206,0.1029209958831601,0.0733189570672417,0.1762399529504018,0.3999999999999999,-1
2023,2024-02-17,Man City,Chelsea,0,0.7101928819304333,0.171737551448632,0.1180695666209345,0.5921233153094987,0.5384553304818012,0.0536679848276975,1.0000000000000002,1
2023,2024-02-17,Newcastle,Bournemouth,0,0.5198277142432793,0.2264963612060003,0.2536759245507203,0.266151789692559,0.293331353037279,0.02717956334472,0.0,1
2023,2024-02-17,Nott'm Forest,West Ham,1,0.3998896856039713,0.2719249862107005,0.3281853281853282,0.0717043574186431,0.1279646993932708,0.0562603419746277,-0.7999999999999999,0
2023,2024-02-17,Tottenham,Wolves,-1,0.619757688723206,0.1996272134203169,0.1806150978564771,0.4391425908667288,0.4201304753028891,0.0190121155638397,1.6,1
2023,2024-02-18,Luton,Man United,-1,0.2368421052631578,0.2368421052631578,0.5263157894736842,0.2894736842105263,0.0,0.2894736842105263,-0.1999999999999999,1
2023,2024-02-18,Sheffield United,Brighton,-1,0.1895053475935829,0.2256016042780748,0.5848930481283423,0.3953877005347593,0.0360962566844919,0.3592914438502674,0.4,-1
2023,2024-02-19,Everton,Crystal Palace,0,0.556783031374282,0.2629253203711887,0.1802916482545293,0.3764913831197526,0.2938577110030932,0.0826336721166593,1.2000000000000002,1
2023,2024-02-20,Man City,Brentford,1,0.8075788165864264,0.1191178754464978,0.0733033079670756,0.7342755086193508,0.6884609411399285,0.0458145674794222,1.6,1
2023,2024-02-21,Liverpool,Luton,1,0.7913043478260869,0.1356521739130434,0.0730434782608695,0.7182608695652174,0.6556521739130434,0.0626086956521738,1.2000000000000002,1
2023,2024-02-24,Arsenal,Newcastle,1,0.6997667444185273,0.1812729090303232,0.1189603465511496,0.5808063978673776,0.518493835388204,0.0623125624791736,1.2,1
2023,2024-02-24,Aston Villa,Nott'm Forest,1,0.6226312939902545,0.2116946399566865,0.165674066053059,0.4569572279371955,0.410936654033568,0.0460205739036274,0.3999999999999999,1
2023,2024-02-24,Bournemouth,Man City,-1,0.1363636363636363,0.1818181818181818,0.6818181818181818,0.5454545454545454,0.0454545454545454,0.5,-0.7999999999999998,-1
2023,2024-02-24,Brighton,Everton,0,0.5215686274509804,0.2511764705882353,0.2272549019607843,0.2943137254901961,0.2703921568627451,0.0239215686274509,1.4,1
2023,2024-02-24,Crystal Palace,Burnley,1,0.4890829694323144,0.2724890829694323,0.2384279475982532,0.2506550218340612,0.2165938864628821,0.034061135371179,0.5999999999999999,1
2023,2024-02-24,Man United,Fulham,-1,0.6067809651932196,0.2200106501970796,0.1732083846097008,0.4335725805835186,0.3867703149961399,0.0468022655873787,1.8,1
2023,2024-02-25,Wolves,Sheffield United,1,0.6627466613514053,0.2009168825991628,0.1363364560494319,0.5264102053019734,0.4618297787522424,0.0645804265497309,0.5999999999999999,1
2023,2024-02-26,West Ham,Brentford,1,0.3811881188118812,0.2722772277227723,0.3465346534653465,0.0346534653465346,0.1089108910891089,0.0742574257425742,1.0,-1
2023,2024-03-02,Brentford,Chelsea,0,0.3059482022578503,0.2529171805331562,0.4411346172089934,0.1351864149511431,0.053031021724694,0.1882174366758371,-0.7999999999999999,-1
2023,2024-03-02,Everton,West Ham,-1,0.464002946050451,0.2642238998342846,0.2717731541152641,0.1922297919351869,0.1997790462161664,0.0075492542809795,0.3999999999999999,1
2023,2024-03-02,Fulham,Brighton,1,0.3734248358279596,0.2645092587114713,0.3620659054605691,0.0113589303673904,0.1089155771164882,0.0975566467490978,0.3999999999999999,1
2023,2024-03-02,Luton,Aston Villa,-1,0.2205634598046923,0.2273904240367423,0.5520461161585652,0.3314826563538729,0.00682696423205,0.3246556921218229,-0.8,1
2023,2024-03-02,Newcastle,Wolves,1,0.4979941900677825,0.2377922257573661,0.2642135841748513,0.2337806058929312,0.2602019643104164,0.0264213584174851,-1.0,1
2023,2024-03-02,Nott'm Forest,Liverpool,-1,0.1585477050322006,0.2196965889591694,0.6217557060086298,0.4632080009764292,0.0611488839269688,0.4020591170494604,-1.2,-1
2023,2024-03-02,Tottenham,Crystal Palace,1,0.6340391980175715,0.2196440639783735,0.1463167380040549,0.4877224600135165,0.414395134039198,0.0733273259743185,2.0,1
2023,2024-03-03,Burnley,Bournemouth,-1,0.2522231204527081,0.2627324171382376,0.4850444624090541,0.232821341956346,0.0105092966855295,0.2223120452708165,-0.6,0
2023,2024-03-03,Man City,Man United,1,0.7512991833704529,0.1633259094283593,0.0853749072011878,0.6659242761692651,0.5879732739420935,0.0779510022271715,0.8,1
2023,2024-03-04,Sheffield United,Arsenal,-1,0.0560684224816725,0.1361661688840618,0.8077654086342655,0.751696986152593,0.0800977464023893,0.6715992397502036,-1.2,-1
2023,2024-03-09,Arsenal,Brentford,1,0.7780921584478578,0.135610347615198,0.0862974939369442,0.6917946645109136,0.6424818108326598,0.0493128536782538,1.7999999999999998,1
2023,2024-03-09,Bournemouth,Sheffield United,0,0.7044320516583504,0.1784561197534487,0.1171118285882007,0.5873202230701496,0.5259759319049017,0.061344291165248,0.1999999999999999,1
2023,2024-03-09,Crystal Palace,Luton,0,0.5327102803738317,0.2453271028037383,0.2219626168224299,0.3107476635514018,0.2873831775700934,0.0233644859813084,1.0,1
2023,2024-03-09,Man United,Everton,1,0.5086901229334463,0.2585841458245019,0.2327257312420517,0.2759643916913946,0.2501059771089444,0.0258584145824501,1.0,1
2023,2024-03-09,Wolves,Fulham,1,0.378159757330637,0.2780586450960566,0.3437815975733064,0.0343781597573306,0.1001011122345804,0.0657229524772497,1.0,1
2023,2024-03-10,Aston Villa,Tottenham,-1,0.3983453347632909,0.2370154741841581,0.3646391910525509,0.03370614371074,0.1613298605791328,0.1276237168683927,0.1999999999999999,-1
2023,2024-03-10,Brighton,Nott'm Forest,1,0.5263157894736842,0.2368421052631578,0.2368421052631578,0.2894736842105263,0.2894736842105263,0.0,0.8,1
2023,2024-03-10,Liverpool,Man City,0,0.3160919540229885,0.2528735632183908,0.4310344827586207,0.1149425287356322,0.0632183908045976,0.1781609195402299,-0.3999999999999999,-1
2023,2024-03-10,West Ham,Burnley,0,0.5652658981033842,0.2359985124581628,0.1987355894384529,0.3665303086649313,0.3292673856452214,0.0372629230197099,1.0,1
2023,2024-03-11,Chelsea,Newcastle,1,0.4979941900677825,0.2377922257573661,0.2642135841748513,0.2337806058929312,0.2602019643104164,0.0264213584174851,1.2,1
2023,2024-03-13,Bournemouth,Luton,1,0.6342525399129173,0.2002902757619738,0.1654571843251088,0.4687953555878084,0.4339622641509434,0.034833091436865,-0.1999999999999999,1
2023,2024-03-16,Burnley,Brentford,1,0.2928767382461451,0.2644026109166588,0.4427206508371961,0.1498439125910509,0.0284741273294863,0.1783180399205373,-0.1999999999999999,-1
2023,2024-03-16,Fulham,Tottenham,1,0.2691120392228073,0.2478663519157435,0.483021608861449,0.2139095696386417,0.0212456873070637,0.2351552569457054,0.3999999999999999,-1
2023,2024-03-16,Luton,Nott'm Forest,0,0.3398058252427184,0.2718446601941747,0.3883495145631068,0.0485436893203883,0.0679611650485437,0.116504854368932,-0.2,0
2023,2024-03-17,West Ham,Aston Villa,0,0.3603859807401887,0.2527507011591189,0.3868633181006922,0.0264773373605035,0.1076352795810697,0.1341126169415732,-0.8,-1
2023,2024-03-30,Aston Villa,Wolves,1,0.5918858330143802,0.2187107004210181,0.1894034665646017,0.4024823664497785,0.3731751325933621,0.0293072338564163,-0.8,1
2023,2024-03-30,Bournemouth,Everton,1,0.4350453172205438,0.2658610271903323,0.2990936555891239,0.1359516616314199,0.1691842900302114,0.0332326283987915,0.6,1
2023,2024-03-30,Brentford,Man United,0,0.3171471927162367,0.2503793626707132,0.4324734446130501,0.1153262518968133,0.0667678300455235,0.1820940819423369,-1.0,-1
2023,2024-03-30,Chelsea,Burnley,0,0.7403078121955972,0.1591661796220534,0.1005260081823495,0.6397818040132477,0.5811416325735438,0.0586401714397038,2.2,1
2023,2024-03-30,Newcastle,West Ham,1,0.5215686274509804,0.2272549019607843,0.2511764705882353,0.2703921568627451,0.2943137254901961,0.0239215686274509,-0.3999999999999999,1
2023,2024-03-30,Nott'm Forest,Crystal Palace,0,0.4322033898305084,0.288135593220339,0.2796610169491525,0.1525423728813559,0.1440677966101694,0.0084745762711864,1.0,1
2023,2024-03-30,Sheffield United,Fulham,0,0.2115884421342302,0.238036997401009,0.5503745604647607,0.3387861183305305,0.0264485552667787,0.3123375630637517,-0.6000000000000001,-1
2023,2024-03-30,Tottenham,Luton,1,0.7942238267148014,0.1191335740072202,0.0866425992779783,0.7075812274368231,0.6750902527075812,0.0324909747292418,1.7999999999999998,1
2023,2024-03-31,Liverpool,Brighton,1,0.6999830307144069,0.1730867130493806,0.1269302562362124,0.5730527744781945,0.5268963176650263,0.0461564568131681,1.8,1
2023,2024-03-31,Man City,Arsenal,0,0.4986876640419947,0.2506561679790026,0.2506561679790026,0.2480314960629921,0.2480314960629921,0.0,0.2000000000000001,1
2023,2024-04-02,Bournemouth,Crystal Palace,1,0.4866595517609391,0.2497331910352187,0.263607257203842,0.2230522945570971,0.2369263607257204,0.0138740661686232,1.2000000000000002,1
2023,2024-04-02,Burnley,Wolves,0,0.3888834331729352,0.2646567809093587,0.346459785917706,0.0424236472552292,0.1242266522635764,0.0818030050083472,-0.3999999999999999,0
2023,2024-04-02,Newcastle,Everton,0,0.4751131221719458,0.2533936651583711,0.2714932126696833,0.2036199095022625,0.2217194570135747,0.0180995475113122,1.2000000000000002,1
2023,2024-04-02,Nott'm Forest,Fulham,1,0.3545177020972921,0.2815287634302026,0.3639535344725053,0.0094358323752131,0.0729889386670895,0.0824247710423026,-0.1999999999999999,1
2023,2024-04-02,West Ham,Tottenham,0,0.287519747235387,0.225908372827804,0.4865718799368088,0.1990521327014218,0.0616113744075829,0.2606635071090047,0.1999999999999999,-1
2023,2024-04-03,Arsenal,Luton,1,0.8562415502478594,0.0941865705272645,0.049571879224876,0.8066696710229834,0.7620549797205949,0.0446146913023884,2.0,1
2023,2024-04-03,Brentford,Brighton,0,0.4013210952801567,0.251353738622835,0.3473251660970083,0.0539959291831483,0.1499673566573217,0.0959714274741733,0.4,-1
2023,2024-04-03,Man City,Aston Villa,1,0.7250755287009064,0.1570996978851964,0.1178247734138973,0.6072507552870091,0.56797583081571,0.0392749244712991,0.0,1
2023,2024-04-04,Chelsea,Man United,1,0.4788732394366197,0.2394366197183098,0.2816901408450704,0.1971830985915492,0.2394366197183098,0.0422535211267605,0.0,0
2023,2024-04-04,Liverpool,Sheffield United,1,0.87509115532868,0.0794874466090217,0.0454213980622981,0.8296697572663818,0.7956037087196582,0.0340660485467236,1.8,1
2023,2024-04-06,Aston Villa,Brentford,0,0.5608856088560886,0.2383763837638376,0.2007380073800738,0.3601476014760148,0.322509225092251,0.0376383763837638,0.6,1
2023,2024-04-06,Brighton,Arsenal,-1,0.1907976694972881,0.2203206345234274,0.5888816959792843,0.3980840264819961,0.0295229650261392,0.3685610614558569,-0.3999999999999999,-1
2023,2024-04-06,Crystal Palace,Man City,-1,0.1004784688995215,0.1818181818181818,0.7177033492822967,0.6172248803827752,0.0813397129186603,0.5358851674641149,-0.6000000000000001,-1
2023,2024-04-06,Everton,Burnley,1,0.5791106514994829,0.2388831437435367,0.1820062047569803,0.3971044467425026,0.3402275077559462,0.0568769389865563,0.1999999999999999,1
2023,2024-04-06,Fulham,Newcastle,-1,0.4038257173219978,0.2529224229543039,0.3432518597236982,0.0605738575982996,0.1509032943676939,0.0903294367693943,0.8,-1
2023,2024-04-06,Luton,Bournemouth,1,0.2531521947646535,0.2498212448335396,0.4970265604018067,0.2438743656371532,0.0033309499311138,0.247205315568267,-0.1999999999999999,-1
2023,2024-04-06,Wolves,West Ham,-1,0.381625441696113,0.2650176678445229,0.3533568904593639,0.0282685512367491,0.1166077738515901,0.0883392226148409,1.0,-1
2023,2024-04-07,Man United,Liverpool,0,0.1990324809951624,0.2100898410504492,0.5908776779543885,0.3918451969592261,0.0110573600552868,0.3807878369039392,-0.3999999999999999,0
2023,2024-04-07,Sheffield United,Chelsea,0,0.1363636363636363,0.1818181818181818,0.6818181818181818,0.5454545454545454,0.0454545454545454,0.5,-1.2000000000000002,-1
2023,2024-04-07,Tottenham,Nott'm Forest,1,0.6803044719314939,0.1731684110371075,0.1465271170313987,0.5337773549000953,0.5071360608943863,0.0266412940057088,2.0,1
2023,2024-04-13,Bournemouth,Man United,0,0.393939393939394,0.2424242424242424,0.3636363636363636,0.0303030303030303,0.1515151515151515,0.1212121212121211,0.6000000000000001,-1
2023,2024-04-13,Brentford,Sheffield United,1,0.6624541377904607,0.1907867916836527,0.1467590705258867,0.5156950672645739,0.471667346106808,0.0440277211577659,-0.2,1
2023,2024-04-13,Burnley,Brighton,0,0.2714932126696832,0.253393665158371,0.4751131221719457,0.2036199095022624,0.0180995475113122,0.2217194570135746,0.1999999999999999,-1
2023,2024-04-13,Man City,Luton,1,0.8636363636363636,0.0863636363636363,0.05,0.8136363636363636,0.7772727272727273,0.0363636363636363,2.0,1
2023,2024-04-13,Newcastle,Tottenham,1,0.3510110644792064,0.2369324685234643,0.4120564669973293,0.0610454025181229,0.114078595955742,0.1751239984738649,0.6000000000000001,-1
2023,2024-04-13,Nott'm Forest,Wolves,0,0.4509283819628648,0.2785145888594165,0.2705570291777188,0.1803713527851459,0.1724137931034483,0.0079575596816976,0.0,1
2023,2024-04-14,Arsenal,Aston Villa,-1,0.7389083432389886,0.1657724804831818,0.0953191762778295,0.6435891669611591,0.5731358627558067,0.0704533042053522,1.0,1
2023,2024-04-14,Liverpool,Crystal Palace,-1,0.7837283075200598,0.1365926478820675,0.0796790445978727,0.7040492629221871,0.6471356596379922,0.0569136032841948,2.2,1
2023,2024-04-14,West Ham,Fulham,-1,0.3982300884955752,0.2632743362831858,0.3384955752212389,0.0597345132743362,0.1349557522123893,0.0752212389380531,0.1999999999999999,-1
2023,2024-04-15,Chelsea,Everton,1,0.5609973285841497,0.2270703472840606,0.2119323241317898,0.3490650044523599,0.3339269813000891,0.0151380231522707,1.6,1
2023,2024-04-20,Luton,Brentford,-1,0.3059482022578503,0.2529171805331562,0.4411346172089934,0.1351864149511431,0.053031021724694,0.1882174366758371,0.6000000000000001,-1
2023,2024-04-20,Sheffield United,Burnley,-1,0.346459785917706,0.2646567809093587,0.3888834331729352,0.0424236472552292,0.0818030050083472,0.1242266522635764,0.0,0
2023,2024-04-20,Wolves,Arsenal,-1,0.1116031886625332,0.2108060230292293,0.6775907883082374,0.5659875996457042,0.0992028343666961,0.466784765279008,-1.4,-1
2023,2024-04-21,Aston Villa,Bournemouth,1,0.5059732958538299,0.2340126493323963,0.2600140548137737,0.2459592410400561,0.2719606465214335,0.0260014054813774,0.3999999999999999,1
2023,2024-04-21,Crystal Palace,West Ham,1,0.4543429844097995,0.2650334075723831,0.2806236080178174,0.1737193763919821,0.1893095768374164,0.0155902004454342,0.1999999999999999,0
2023,2024-04-21,Everton,Nott'm Forest,1,0.464002946050451,0.2717731541152641,0.2642238998342846,0.1997790462161664,0.1922297919351869,0.0075492542809795,0.7999999999999999,1
2023,2024-04-21,Fulham,Liverpool,-1,0.1814679252552494,0.2117125794644577,0.6068194952802928,0.4253515700250433,0.0302446542092082,0.395106915815835,-0.1999999999999999,1
2023,2024-04-23,Arsenal,Chelsea,1,0.6544502617801047,0.1884816753926701,0.1570680628272251,0.4973821989528795,0.4659685863874345,0.031413612565445,1.2,1
2023,2024-04-24,Crystal Palace,Newcastle,1,0.3436754176610978,0.2625298329355608,0.3937947494033412,0.0501193317422434,0.0811455847255369,0.1312649164677803,-0.4000000000000001,-1
2023,2024-04-24,Everton,Liverpool,1,0.1351351351351351,0.1891891891891892,0.6756756756756757,0.5405405405405406,0.054054054054054,0.4864864864864864,-0.3999999999999999,-1
2023,2024-04-24,Man United,Sheffield United,1,0.7281553398058251,0.145631067961165,0.1262135922330097,0.6019417475728155,0.58252427184466,0.0194174757281553,0.8,1
2023,2024-04-24,Wolves,Bournemouth,-1,0.3533568904593639,0.2650176678445229,0.381625441696113,0.0282685512367491,0.0883392226148409,0.1166077738515901,0.3999999999999999,1
2023,2024-04-25,Brighton,Man City,-1,0.1440329218106996,0.1872427983539094,0.668724279835391,0.5246913580246914,0.0432098765432098,0.4814814814814815,-1.0,-1
2023,2024-04-27,Aston Villa,Chelsea,0,0.4381245196003074,0.2478862413528055,0.3139892390468869,0.1241352805534204,0.1902382782475019,0.0661029976940814,0.8,-1
2023,2024-04-27,Everton,Brentford,1,0.412573673870334,0.2711198428290766,0.3163064833005894,0.0962671905697446,0.1414538310412574,0.0451866404715127,1.2,0
2023,2024-04-27,Fulham,Crystal Palace,0,0.4545454545454546,0.2727272727272727,0.2727272727272727,0.1818181818181818,0.1818181818181818,0.0,0.1999999999999999,1
2023,2024-04-27,Man United,Burnley,0,0.6295180722891567,0.1987951807228915,0.1716867469879518,0.4578313253012048,0.4307228915662651,0.0271084337349397,1.0,1
2023,2024-04-27,Newcastle,Sheffield United,1,0.7780921584478578,0.135610347615198,0.0862974939369442,0.6917946645109136,0.6424818108326598,0.0493128536782538,2.0,1
2023,2024-04-27,West Ham,Liverpool,0,0.1734104046242774,0.1907514450867052,0.6358381502890174,0.4624277456647399,0.0173410404624277,0.4450867052023121,-0.8,-1
2023,2024-04-27,Wolves,Luton,1,0.4866595517609391,0.2497331910352187,0.263607257203842,0.2230522945570971,0.2369263607257204,0.0138740661686232,1.0,1
2023,2024-04-28,Bournemouth,Brighton,1,0.4223031232036788,0.2500479018969151,0.3276489748994061,0.0946541483042727,0.1722552213067637,0.0776010730024909,1.2000000000000002,-1
2023,2024-04-28,Nott'm Forest,Man City,-1,0.1178247734138973,0.1570996978851964,0.7250755287009064,0.6072507552870091,0.0392749244712991,0.56797583081571,-1.0,-1
2023,2024-04-28,Tottenham,Arsenal,-1,0.2272727272727273,0.2272727272727273,0.5454545454545455,0.3181818181818182,0.0,0.3181818181818182,-0.2000000000000001,1
2023,2024-05-02,Chelsea,Tottenham,1,0.4381245196003074,0.2478862413528055,0.3139892390468869,0.1241352805534204,0.1902382782475019,0.0661029976940814,1.0,-1
2023,2024-05-03,Luton,Everton,0,0.3647199046483909,0.2634088200238379,0.3718712753277712,0.0071513706793803,0.1013110846245529,0.1084624553039332,0.4,1
2023,2024-05-04,Arsenal,Bournemouth,1,0.7851908251641764,0.127724374226706,0.0870848006091177,0.6981060245550587,0.6574664509374704,0.0406395736175882,1.0,1
2023,2024-05-04,Brentford,Fulham,0,0.4527177959791511,0.2501861504095309,0.2970960536113179,0.1556217423678331,0.2025316455696202,0.046909903201787,-0.1999999999999999,-1
2023,2024-05-04,Burnley,Newcastle,-1,0.2782732786300392,0.2365322868355333,0.4851944345344273,0.2069211559043881,0.0417409917945059,0.248662147698894,-0.1999999999999999,1
2023,2024-05-04,Man City,Wolves,1,0.8760951188986232,0.0788485607008761,0.0450563204005006,0.8310387984981226,0.7972465581977471,0.0337922403003754,1.6,1
2023,2024-05-04,Sheffield United,Nott'm Forest,-1,0.1996111471160077,0.2257507020954849,0.5746381507885073,0.3750270036724995,0.0261395549794772,0.3488874486930223,0.2,-1
2023,2024-05-05,Brighton,Aston Villa,1,0.3501667460695569,0.2567889471176751,0.3930443068127679,0.0428775607432109,0.0933777989518818,0.1362553596950928,-0.6000000000000001,-1
2023,2024-05-05,Chelsea,West Ham,1,0.5769230769230769,0.2115384615384615,0.2115384615384615,0.3653846153846153,0.3653846153846153,0.0,1.4,1
2023,2024-05-05,Liverpool,Tottenham,1,0.6406685236768802,0.1671309192200557,0.1922005571030641,0.4484679665738161,0.4735376044568244,0.0250696378830083,1.2,1
2023,2024-05-06,Crystal Palace,Man United,1,0.4024684733029245,0.2554333243895895,0.3420982023074859,0.0603702709954386,0.147035148913335,0.0866648779178964,1.0,-1
2023,2024-05-11,Bournemouth,Brentford,-1,0.4890829694323144,0.2384279475982532,0.2724890829694323,0.2165938864628821,0.2506550218340612,0.034061135371179,1.8,1
2023,2024-05-11,Everton,Sheffield United,1,0.6764374295377678,0.1972942502818489,0.1262683201803833,0.5501691093573844,0.4791431792559188,0.0710259301014656,2.2,1
2023,2024-05-11,Fulham,Man City,-1,0.0730434782608695,0.1356521739130434,0.7913043478260869,0.7182608695652174,0.0626086956521738,0.6556521739130434,-1.2000000000000002,-1
2023,2024-05-11,Newcastle,Brighton,0,0.6020278833967048,0.1989860583016476,0.1989860583016476,0.4030418250950571,0.4030418250950571,0.0,2.2,1
2023,2024-05-11,Nott'm Forest,Chelsea,-1,0.2781844802342606,0.2489019033674963,0.472913616398243,0.1947291361639824,0.0292825768667643,0.2240117130307467,0.1999999999999999,-1
2023,2024-05-11,Tottenham,Burnley,1,0.698906060079875,0.1653064768188921,0.1357874631012328,0.5631185969786421,0.5335995832609828,0.0295190137176593,0.6000000000000001,1
2023,2024-05-11,West Ham,Luton,1,0.5256916996047432,0.225296442687747,0.2490118577075098,0.2766798418972332,0.3003952569169961,0.0237154150197628,0.8,1
2023,2024-05-11,Wolves,Crystal Palace,-1,0.3297129557796741,0.2713066607558461,0.3989803834644796,0.0692674276848055,0.0584062950238279,0.1276737227086335,0.1999999999999999,0
2023,2024-05-12,Man United,Arsenal,-1,0.1347747747747747,0.1715315315315315,0.6936936936936937,0.558918918918919,0.0367567567567567,0.5221621621621622,-1.0,-1
2023,2024-05-13,Aston Villa,Liverpool,0,0.2251965613240737,0.2184354636399791,0.556367975035947,0.3311714137118732,0.0067610976840946,0.3379325113959678,0.0,1
2023,2024-05-14,Tottenham,Man City,-1,0.1457142857142857,0.1578571428571429,0.6964285714285715,0.5507142857142857,0.0121428571428571,0.5385714285714286,-0.2000000000000001,-1
2023,2024-05-15,Brighton,Chelsea,-1,0.2843083652268999,0.2345544013121924,0.4811372334609076,0.1968288682340077,0.0497539639147074,0.2465828321487151,0.1999999999999999,-1
2023,2024-05-15,Man United,Newcastle,1,0.3468426013195099,0.238454288407163,0.414703110273327,0.0678605089538171,0.1083883129123468,0.176248821866164,0.4000000000000001,-1
2023,2024-05-19,Arsenal,Everton,1,0.802675585284281,0.1183946488294314,0.0789297658862876,0.7237458193979933,0.6842809364548496,0.0394648829431438,2.0,1
2023,2024-05-19,Brentford,Newcastle,-1,0.3266082984392843,0.2428625808907499,0.4305291206699657,0.1039208222306813,0.0837457175485344,0.1876665397792158,0.1999999999999999,-1
2023,2024-05-19,Brighton,Man United,-1,0.4388121808208814,0.2358615471912237,0.3253262719878949,0.1134859088329865,0.2029506336296576,0.0894647247966711,0.7999999999999999,-1
2023,2024-05-19,Burnley,Nott'm Forest,-1,0.3163064833005893,0.2711198428290766,0.4125736738703339,0.0962671905697446,0.0451866404715127,0.1414538310412573,0.1999999999999999,-1
2023,2024-05-19,Chelsea,Bournemouth,1,0.6528835690968444,0.1893362350380848,0.1577801958650707,0.4951033732317736,0.4635473340587596,0.0315560391730141,1.4,1
2023,2024-05-19,Crystal Palace,Aston Villa,1,0.5151610291323099,0.2201034420080307,0.2647355288596593,0.2504255002726506,0.2950575871242791,0.0446320868516285,0.6000000000000001,1
2023,2024-05-19,Liverpool,Wolves,1,0.8168266285480907,0.1194608944251582,0.063712477026751,0.7531141515213396,0.6973657341229325,0.0557484173984071,1.6,1
2023,2024-05-19,Luton,Fulham,-1,0.3266082984392843,0.2428625808907499,0.4305291206699657,0.1039208222306813,0.0837457175485344,0.1876665397792158,0.0,-1
2023,2024-05-19,Man City,West Ham,1,0.8760951188986232,0.0788485607008761,0.0450563204005006,0.8310387984981226,0.7972465581977471,0.0337922403003754,1.4,1
2023,2024-05-19,Sheffield United,Tottenham,-1,0.1345926800472255,0.1570247933884297,0.7083825265643447,0.5737898465171193,0.0224321133412042,0.551357733175915,0.2,-1
