Feature,PC1,PC2,PC3,PC4,PC5,PC6,PC7,PC8,PC9,PC10,PC11,PC12,PC13,PC14,PC15,PC16,PC17,PC18,PC19,PC20,PC21,PC22,PC23,PC24,PC25,PC26,PC27,PC28,PC29,PC30,PC31,PC32,PC33,PC34,PC35,PC36,PC37,PC38,PC39,PC40,PC41,PC42,PC43,PC44,PC45,PC46,PC47,PC48,PC49,PC50,PC51,PC52,PC53,PC54,PC55,PC56,PC57,PC58,PC59,PC60
Bet365HomeWinOdds,0.17063847100356289,0.0843480110117778,0.03197233817448959,0.23196973842211654,0.0995778506035434,0.020514780557956927,0.06219293699751659,0.016294062281414334,0.028543062263033797,0.125859364091105,0.06252978534677733,0.04103082748133282,0.049021644385271936,0.3369001249738536,0.0073893127733363085,0.027095739253649952,0.04013416762036718,0.10504323109305597,0.04277199655314562,0.12264012396210515,0.048285854751542165,0.05246640645169312,0.0997060430688602,0.0250862527088302,0.014812373222264828,0.039624873445354904,0.08932266115383031,0.0426639449327867,0.02949063720959033,0.028128761526943418,0.010505234982487498,0.3140616657545469,0.21729422406046053,0.030418079928428716,0.14928068457832247,0.15452826017955376,0.0493223171551592,0.010004733239053445,0.030992145794860083,0.09940155988189457,0.2838073776491699,0.018650744999061542,0.020323638779736208,0.00014574536866919394,0.0063876024556107315,0.0008093099461401399,0.004089597102371528,0.0020553574733934024,9.606906618705466e-05,0.0,0.0,0.0,0.0,0.0,0.0,0.0,1.0843666727749124e-08,0.6397730602628731,0.0,0.0
Bet365DrawOdds,0.10006923418223779,0.14572061654741456,0.05349136239133279,0.4334432512668953,0.15230779158873503,0.010918872581388135,0.03341683885045263,0.03203142807329713,0.02456744414237694,0.047045259815977944,0.05542484764111479,0.016137968606669405,0.03884213252274995,0.0019363261486553159,0.003803690588718179,0.07664661208441818,0.05998539089026304,0.03969009119965976,0.009024146891871178,0.0016513882533076216,0.01898587197072893,0.008577517102866678,0.03736047232682135,0.01826135695066777,0.0015185835404733531,0.03005098945278266,0.0021786178725237693,0.019236305888728086,0.009901149593669105,0.03783061299870139,0.01286142670246982,0.144028527087595,0.1832989319839145,0.04711229415480187,0.22893407708247798,0.38219222691967175,0.0061144667279128245,0.025283893254934797,0.03224744895346383,0.457024941314866,0.22566306592506175,0.05613666749887965,0.0630666997256497,0.00773912368715326,0.026500389929716987,0.001990733773380014,0.0051464472715506875,0.0035694437735588665,0.0010442763583201249,0.08462597623556069,0.012689869256092312,0.052645775826727574,0.0879463524501394,0.00894990542991269,0.04810508539606091,0.023105528984218207,0.10928414200707147,0.35409702713192326,0.06717924134296917,0.20376993864248896
Bet365AwayWinOdds,0.1848852688283784,0.0583603463479298,0.03517553496653411,0.24286765774556895,0.07812493021475782,0.027894474519976082,0.017966997613108944,0.011519603645763897,0.07542433220194229,0.06034087946560071,0.02760884540769061,0.028753691909131355,0.01665036447379394,0.21079895935141385,0.02047876557189643,0.07765242802582133,0.046563147838705986,0.12337119715634735,0.033505730962555734,0.03892278300396133,0.08285090049021233,0.002758128993779902,0.02584268283955475,0.0515689945008435,0.015128290235971176,0.040614673014576004,0.03474079140191255,0.02211137501840894,0.02096486205283703,0.058458389617339866,0.008437170640896493,0.26381748917092956,0.19848357563567884,0.052047897054080305,0.09098370015523029,0.053952128599687,0.032379039366783074,0.0313507857845884,0.03397502125834885,0.10150482142033981,0.044282705822286675,0.000725174318989836,0.0063319232879111365,0.004419149347173627,0.00182801198417671,0.004198643279204889,0.0005511363245858386,0.0005897277059507701,2.3583644598099687e-05,0.24014971984035027,0.03601102973606838,0.14939701588048915,0.24957220987433912,0.025397843276968403,0.136511545209264,0.06556835807573363,0.31012413575834696,0.1502208278611013,0.1906397622249295,0.5782538158338194
Bet365HomeWinOddsPercentage,0.21172572535205988,0.0005312811404204421,0.0018608850625523386,0.022588253107311097,0.003419993836575295,0.009758962369287102,0.023596125703486157,0.016102765894049867,0.02045702380876631,0.07972158495816178,0.048494940723277986,0.07585835344477408,0.1158448752598239,0.05974805975741955,0.023958198909595416,0.022294938404170704,0.013994511640454725,0.055822482335234215,0.00667918623617705,0.02598069769625553,0.00341457564803332,0.02561874116229678,0.013536649881635263,0.01558900144252988,0.0021507800508916443,0.010161017326868686,0.010898284620563628,0.01134778042120522,0.022140799189547655,0.0174873491145113,0.02371131624877741,0.20589542841642602,0.19782917081936552,0.08830013673668764,0.17332897343437134,0.30731675917780954,0.019772854067794398,0.0473095265819943,0.028625910375693762,0.25037857282474435,0.3060088379784975,0.020751254249695678,0.07875501379484791,0.027377204118894483,0.005773267083011643,0.010354199229319145,0.005475083711175021,0.09467368548596279,0.012489670477921815,0.09557075589689353,0.140752663543529,0.04509453335551811,0.08655616385911959,0.038923588278682426,0.06612803175756365,0.22672937621978745,0.39841845130065917,6.752936236733327e-09,0.37805420426152425,0.3553354315999629
Bet365DrawOddsPercentage,0.08896891581621723,0.17131698179000437,0.0537227894058446,0.41933289798206796,0.1462664975836978,0.004021131546333723,0.008917799734041342,0.031963697350096736,0.00019831309314207411,0.07216267056972385,0.06593355190442132,0.030629197387016097,0.06801272545990794,0.14240667855866307,0.006078337773965986,0.037244862188083,0.04308500592807372,0.0335439870416732,0.006475557622954196,0.015393351956732798,0.07606784193968434,0.00010574632357894834,0.00682136127429311,0.021257990353495463,0.006381401065836949,0.008460733579801866,0.014986458583756848,0.015061660835936942,0.03961987667610403,0.028473638459258262,0.015508932909152654,0.27471758735397317,0.20846542951597932,0.05661253109288444,0.025611366644131387,0.12002010601479969,0.017506989894140047,0.015189769577877765,0.01487462768701723,0.16282136682340684,0.20073303714776358,0.017973348845105472,0.03365338077427607,0.0031023919637983097,0.01563648991224296,0.003378626181193753,0.004796454191484967,0.6820374990788146,0.08228045017554332,0.024171686159091637,0.035599061422544376,0.011405276620246305,0.02189172208979742,0.009844525673848008,0.016725053757715776,0.057344229139445875,0.10076770529457062,1.7076300641969334e-09,0.09561719472797771,0.08987117924789174
Bet365AwayWinOddsPercentage,0.20578044879562835,0.04769836098993366,0.012752700167200324,0.09077248897041289,0.043949714971239465,0.009506841891326511,0.028113569872577873,0.008720135142890174,0.022301515672746963,0.10654533658708934,0.03460317593148466,0.07407126244045724,0.10727421132842746,0.10414472666309611,0.02772633205381744,0.014001529546490046,0.0033685064236424725,0.06993307648371548,0.00904469756419517,0.03248788210878899,0.024635740637244587,0.02783124101020285,0.016597287680738034,0.022799998497396525,0.004094167799694389,0.013377202461340333,0.015973874327795668,0.008197989706293091,0.013180657711989667,0.011185804252055467,0.021520286772687865,0.14834999510828162,0.15780055826589495,0.08045498086579658,0.18145050426522558,0.30119489034879815,0.016687653621303526,0.04727107585825914,0.03522187058312489,0.31707004669246386,0.38799541506836893,0.027510499505054728,0.09490224425777653,0.030625961507707015,0.001977612063016953,0.010330881277206102,0.004634881123597784,0.08463641763649572,0.009048679596641893,0.0878813269650721,0.12942799007909386,0.04146631878090627,0.07959203069558686,0.035791875412842976,0.06080750461691831,0.20848719105720398,0.3663625118278328,6.209596852852606e-09,0.3476367307492226,0.32674586439809955
OddsFavourHome,0.16729538772663344,0.050397029374946195,0.019257436115281523,0.13294540591679366,0.057890709778490694,0.024395952470530016,0.01727514629550652,0.043942559051890116,0.05613168968725942,0.14434782856531075,0.17393531823581873,0.3011298549632864,0.3632197732606967,0.29472422885454114,0.12831878983478684,0.025248316585422138,0.11591731076991833,0.08821131181869298,0.05629285450215319,0.01710282964349853,0.0008656452330493737,0.006159720629193943,0.005293630442358623,9.11672962655295e-05,0.04385494871152553,0.019857213176852757,0.012702801340619829,0.007397609427375082,0.04053641598636298,0.0024852966477634767,0.006964988999848296,0.081777544989791,0.06516237955805607,0.04209633918526312,0.06262316988061868,0.10155508874984387,0.021664046412403118,0.016421473575563617,0.02305797217525293,0.046865161918414,0.07355049514145483,0.06820993877756674,0.012234166752799187,0.13663713133746672,0.6900385021493778,0.0026929896282521675,0.002778246089738674,0.0013722374863704113,0.00011044642059954306,8.519507896651243e-16,9.502868506012714e-15,1.353113010770052e-14,1.2672266231600872e-14,4.061047210251212e-15,1.3536494472503393e-14,7.0214214573549046e-15,2.3254915143802118e-14,7.5762778097417e-15,7.030489782733235e-16,1.221560443497163e-16
OddsFavourDraw,1.0587911840678754e-22,4.336808689942018e-19,1.734723475976807e-18,0.0,2.220446049250313e-16,5.551115123125783e-17,0.0,4.163336342344337e-17,3.469446951953614e-17,2.636779683484747e-16,9.367506770274758e-17,5.516420653606247e-16,1.8041124150158794e-16,5.551115123125783e-17,2.463307335887066e-16,3.0184188481996443e-16,8.673617379884035e-16,6.106226635438361e-16,2.5738959574805875e-16,6.071532165918825e-16,8.847089727481716e-17,2.3245294578089215e-16,5.689893001203927e-16,7.112366251504909e-17,6.002143226879753e-16,9.783840404509192e-16,7.077671781985373e-16,4.718447854656915e-16,4.2327252813834093e-16,9.853229343548264e-16,7.719519468096792e-16,5.551115123125783e-16,5.551115123125783e-17,4.5900783174346316e-15,9.298117831235686e-16,1.304512053934559e-15,4.822531263215524e-16,1.425075335514947e-15,2.7599450502791e-15,8.378714388967978e-15,1.0685896612017132e-15,2.57633541236868e-16,4.35383066405004e-15,3.455423474478872e-15,2.25134581116615e-14,3.1060765938450974e-15,1.0759839200180643e-14,3.9984996650505034e-13,1.0170668831872148e-13,0.49382738469797666,0.2579050203387146,0.7062607244642487,0.32299834927307053,0.04380057977436017,0.055073279743331434,0.22772865272263965,0.0756760738210766,1.2826490147777037e-09,0.09765974726530684,0.12004657207320679
OddsFavourAway,0.1674697680646483,0.04792687670790314,0.018574869960015457,0.12484546550339062,0.06061110803236335,0.025002103059412716,0.021840855865385544,0.04241834192133706,0.05483661122628113,0.14879665394805394,0.17313119432576446,0.3053127859356284,0.3647636598382547,0.2996221240669096,0.13303120887725048,0.025873480876688917,0.11433275301258261,0.09041061593964408,0.051351873023665236,0.016328232859529942,0.007486796659754732,0.006223015828646252,0.013022381613142226,0.0007401042552528682,0.037449167624222464,0.00805330559610959,0.002785128497862581,0.017456749002929692,0.0383012193294051,0.0012992542491050449,0.0007967870519261641,0.07060089782959938,0.059782972488760036,0.03201859260168867,0.05513318577175508,0.0680520025763003,0.006403086547351348,0.029892021115472768,0.02330838713457971,0.07653023551806744,0.08506720938042943,0.08323116958478795,0.014527684089053852,0.11752858705292996,0.6907742235684046,0.002232385722204129,0.0019943835114900697,0.0009436769090305638,0.0005208637790242725,2.4032925427103803e-16,1.1714288420144612e-14,1.6445214060948768e-14,1.2053784138885341e-14,3.616646453442482e-15,1.2310931104973523e-14,4.906574806744268e-15,2.2272308703101394e-14,5.619728331033747e-15,1.9883027909930314e-15,2.1783877685456228e-15
OddsDifference_HvA,0.205350401598084,0.008556131512920714,0.01283746740291139,0.08406875461974556,0.016882657017160144,0.012150329528106798,0.012112775544209923,0.001833463893332081,0.06705431276007193,0.09558472232825198,0.005163415044413686,0.004429988349838953,0.03219368647043743,0.29207940421801243,0.012043215432007835,0.06810271244844376,0.017884458296916313,0.13343623337736854,0.007213794189348923,0.07853250771504323,0.08054969104902883,0.023385605506084314,0.021595513028573314,0.048114082518770813,0.01714881195382041,0.01371982393845599,0.06189571330383441,0.033619231137303876,0.027413877368162632,0.031514387013352636,0.0019245257827420659,0.06604763285690464,0.057421929616858776,0.025870900260152232,0.006100051814127175,0.023253340322680862,0.0037191488735864903,0.018969138173379304,0.012354148332847023,0.11506840282540405,0.08298810564959162,0.007059516557943225,0.003619728850476249,0.0033072819650565763,0.001256780468049158,0.0034153455432086436,0.00125975723858222,0.0004032785852117643,5.6441903552200755e-05,0.05791445892013747,0.3095172515575968,0.12320486367170368,0.06693466690806109,0.4110939916072594,0.6285072237385568,0.09340687112305301,0.10822739192365458,0.26544883454830936,0.014897816591705141,0.01319235640026134
OddsDifference_HvD,0.2044986236607659,0.007297941042722445,0.001797654050847274,0.03822242090932024,0.0023367918143103877,0.011842067776338417,0.03572568241126518,0.003565186348581996,0.038554039167493684,0.08372558931367238,0.023799005214975327,0.02685023051097293,0.06435407227044564,0.2951188939990429,0.004337206836010877,0.06620951007236016,0.0017198998271791852,0.1137201139487923,0.032320093780105016,0.1061223131871627,0.05268603484616984,0.05055520259610042,0.06627698273503647,0.03203530020310239,0.013771362490715517,0.01789745971664232,0.07916984077761742,0.04791833947714499,0.031237129129375076,0.003543853276834078,0.016310616611691288,0.19413385434035407,0.08786982668483025,0.0003879908982069352,0.25741419311337355,0.3470958973009891,0.039652856511588216,0.005307669348377736,0.04495615632462418,0.16702136159895478,0.12239787705056397,0.014893525322449716,0.017281567144411255,0.0041701993432009836,0.009140171695840185,0.00039906172366502155,0.0007116317624544675,0.00018815259849853166,0.000496020731109641,0.027012507269608778,0.1443652787863795,0.05746530896839442,0.031219719741080343,0.1917427814027494,0.2931488313419141,0.043566905955589014,0.05047949244598358,0.6092082018083267,0.006948651277898016,0.0061531892002432325
OddsDifference_AvD,0.19871800660071695,0.009310335519644272,0.02168283806590923,0.11970104809099628,0.0324774164654454,0.0319373438823074,0.008222860120638296,0.0003082595651440689,0.08867554420035141,0.10215879844803176,0.010728358049062438,0.03063586416405903,0.003935056421962428,0.27906288689729986,0.02541833247853264,0.06726072372087873,0.03376777895825341,0.1452776907558926,0.04027660780006203,0.0524675261359924,0.10115129768936175,0.00035127607081519114,0.016837125628065403,0.0599438423479164,0.019381660872015923,0.03987727341419273,0.045120768895960464,0.020363901666689447,0.023210208072976125,0.05993509822546835,0.01722507681602494,0.28297674449899807,0.17782530922223905,0.04707710826861719,0.22798393286063157,0.2505287611950403,0.040141996108353104,0.029804686577529077,0.06021576994852406,0.34870819340421405,0.046801215951853846,0.025309886628040252,0.021106761697609916,0.009491274790014683,0.009974836602834472,0.006508058879213794,0.0016766514672765865,0.000887329709109952,0.0005200631724909671,0.14876836047375486,0.14416885599614612,0.044306469667124086,0.150871229419407,0.20837117474216668,0.24502330925814386,0.1010589702173031,0.17361211791676753,0.03378923943132022,0.15178388696408252,0.44268885819269194
DrawLikelihood,0.08927760181809218,0.17115060888731456,0.0536574764776421,0.4191762510823202,0.1463369990502478,0.004132047991843388,0.00869680764422942,0.032444161229206465,0.0015027988302709616,0.07079378426300581,0.06648085681201817,0.030490828879233357,0.06841666770624646,0.14222282807106695,0.007260776143174,0.03844668978782499,0.04350076944346977,0.0323134848621218,0.007552661717007906,0.01591555279273805,0.07743634865036549,0.0014530460011555155,0.008697621223369471,0.022323703418737007,0.008624228980187273,0.008592039530095859,0.017563421805774124,0.0173075255756388,0.0389135448679995,0.02893528904961901,0.017182524858192334,0.27346934142311163,0.2050250617054209,0.05693708196384694,0.027691170276375916,0.11609666536530741,0.01856802925042298,0.016459185937284133,0.015721363887670498,0.1579381181942534,0.19451118695838082,0.02227403079816565,0.03425523362598793,0.005924408263700406,0.017699390377702563,0.0013907099002647082,0.005791702771339133,0.7100685143703674,0.08581442138838315,6.977252988254167e-13,4.584942323091645e-13,1.8929519285981274e-13,8.995724824354661e-14,1.1178752558054425e-13,3.3541330848172816e-13,9.18236592606459e-14,1.167611864295423e-12,3.334714043177871e-13,9.898765950223515e-13,2.450643213457221e-13
HomeForm,0.1049539951120649,0.1648420146123859,0.018276178411385128,0.07098789820222513,0.18680655113024905,0.05036095474920565,0.006388397916974571,0.17590699818157995,0.15995098594053206,0.33990032254675817,0.1529813957371255,0.1460201378718407,0.25441524172207486,0.008560168053223637,0.045223845120805274,0.08113305845609173,0.03258668274022251,0.30633313817030966,0.017440719357489535,0.29154092870982123,0.2829434187662799,0.07375433567622658,0.1412883441166658,0.0963700165357403,0.1363301688901247,0.130694234180984,0.10349493075289037,0.011257665169510524,0.03710611718761767,0.020261942556506155,0.10279686841376508,0.01910034921334602,0.015133129109260396,0.02499226483375352,0.012284593139266506,0.004470750204548192,0.009596159854785805,0.007202957366963124,0.003508793075453891,0.010637463921449316,0.015389277831308997,0.017281257858918656,0.023275016259713815,0.015512577951101706,0.0050881692516251825,0.5214246962828227,0.007320708490611026,0.0018111865057119179,0.0007783605148262028,1.635880847596435e-15,1.875180023871699e-15,8.781603648792388e-15,1.3177008489408548e-14,3.245596032300657e-14,9.682411921883935e-15,7.11079378888856e-15,3.564755143549803e-14,2.2037840245528767e-14,3.4617323919631076e-14,3.1486632392935214e-15
AwayForm,0.09616507922086434,0.16799452970337936,0.03480659628158473,0.15348050637954547,0.1759108873743765,0.048959424506057225,0.20767061657753003,0.020132308344592287,0.2734604946335641,0.15905791733600128,0.11200891184363637,0.18892275757421012,0.14733452012051643,0.11058147504453905,0.07447864341789896,0.01968047770542109,0.015218919383018503,0.10207463265208483,0.014373997648254087,0.3906208923721535,0.2532368819246141,0.15900478968764695,0.3133689543933129,0.09549934421982627,0.1480841074165624,0.13426410314265338,0.007418775706228778,0.08679648967980684,0.08679263829645886,0.02643942314390779,0.09137625644887729,0.025949977952052176,0.014616090737086425,0.00984257620666408,0.01339019938743609,0.001790449165537908,0.008529428042893713,0.01913583811716832,0.017616226339626607,0.004420446490670286,0.004702463630822682,0.03334226161441771,0.026276450383251826,0.017285243349159936,0.007577966900688073,0.4942192651692395,0.005648711866634906,8.392161381685384e-05,0.00040946319908352456,7.583244796544862e-17,1.819160623230053e-15,9.320807066016711e-15,1.4302373581815164e-14,2.8588759890108833e-14,9.62824157099291e-15,4.137403451594472e-15,3.3798258002017007e-14,1.7806949021265998e-14,2.9635203379066824e-14,3.731879133223705e-15
HomeAdvantageIndex,0.1473094561832266,0.005808045810278083,0.012478043825625515,0.05718823956302572,0.27326025528861136,0.006917648710766571,0.14669109169690284,0.14575171248746105,0.311932901276782,0.14301016358276727,0.19639216852442895,0.027690173531357797,0.29846783441688146,0.06867311547889884,0.019051029044180483,0.04684664019630176,0.01567699270580877,0.2950506671370928,0.02646126157559589,0.05706539808535686,0.027906495962371117,0.05298961998565923,0.11176635673577867,0.0031848478680852814,0.001575228244761894,0.0009023861776371996,0.0870249181646317,0.060072668244340245,0.04071221786052777,0.013710159468245026,0.009737518032034605,0.008377967844233518,0.020042882817282774,0.004480111225041973,0.006116440284641732,0.013813670287455929,0.003711396434576818,0.016666897798142868,0.014645341498672275,0.00868112971018945,0.00182788393654714,0.012616946105767728,0.01119358204146037,0.011896271424564666,0.00435410906886252,0.6939725583682292,0.009547688467489835,0.0009240544988588453,0.0007347012598312384,7.301084527157666e-17,1.778572915154088e-15,1.1553500957910236e-14,1.709504010089337e-14,4.237884879628471e-14,1.4564203261915554e-14,8.895263602641323e-15,4.89575556897393e-14,2.7228164246950067e-14,4.387368527011004e-14,3.790526302935137e-15
HomeGeneralForm,0.09742076375091027,0.18129255391199015,0.03570124787751046,0.03569027067217919,0.24486226622855659,0.1906925126152217,0.2617167383897684,0.0574204705143663,0.026632147410402405,0.024078650255164227,0.005176841803918952,0.031312936817450114,0.08741402337639194,0.006834003416283424,0.033462457508115134,0.03550530132962808,0.0874585558667678,0.0738419366161442,0.18183507223543408,0.09399284402498019,0.0963243535050673,0.13288636140948162,0.30289130886744525,0.09992374588749511,0.17164714690498936,0.4843578856229758,0.13760100556062163,0.0811782188577449,0.10378827303060634,0.02483684996013736,0.08754567409372208,0.04583623033769177,0.05545970737686092,0.01773353033270511,0.028060414467314047,0.03373345109718445,0.014135351592481178,4.786443985684141e-05,0.0003461111027682483,0.029102951754076983,0.0013695585141756518,0.021245243007116565,0.019312491114577186,0.011663293717108995,0.003288837147373608,0.003212962003931344,0.009559820247612368,0.063421505743816,0.5184081847206787,2.65623803898661e-13,1.9096129561200311e-13,1.1207906752428515e-13,4.61850509900163e-13,6.679725251057814e-13,2.76767200468134e-13,6.647864645624355e-13,6.602813099116628e-13,1.857466055396641e-13,2.408320985551758e-13,4.500681665362221e-13
AwayGeneralForm,0.08903144821939606,0.18911741715504093,0.042742703609753976,0.15813153552923515,0.1991485855457882,0.18319628737634888,0.020809017072627712,0.22605571612579137,0.0612304875921879,0.09379645725886454,0.08161225890571024,0.009920655788948279,0.03690843324170647,0.12444282665545135,0.06921551812558689,0.11354509418604275,0.01273238287371463,0.18890768631119312,0.28077183296527936,0.18483294762539604,0.1364902673637329,0.03807384687986493,0.13050566763234253,0.005569841245022845,0.047759561152156536,0.47155692558521417,0.16341261231506263,0.05002599412915199,0.10843936337759683,0.02004890939498798,0.08766076659272132,0.03663716211048746,0.07250357233706425,0.015559144209539244,0.033593462611368606,0.039929104134630716,0.0003266135691493123,0.0034472663279536855,0.010358330279580436,0.014562261054386178,0.0013582091341181348,0.02064837030528219,0.01122504916741124,0.010387572147445066,0.004132837791630576,0.0007957799813688675,0.0069567342276733645,0.06422547839632019,0.525784594088786,2.681170905594709e-13,1.944135336651845e-13,1.1184873234729773e-13,4.676895453834401e-13,6.783489120093847e-13,2.811540284757633e-13,6.76598557088273e-13,6.706756758174321e-13,1.881334599503767e-13,2.435461471334656e-13,4.57566886727321e-13
GeneralFormDifference,0.1470369290159901,0.008247309892702875,0.005722629786681828,0.09763038035254354,0.34929756894407693,0.004458080012020568,0.1880853552893724,0.1346902081263075,0.027919560893423505,0.05487505893962875,0.06036201200758209,0.03198399793360739,0.03944104096668578,0.10356633669690023,0.08028543992083978,0.06278113675281184,0.059133906363870906,0.20663154333684053,0.3654733240495877,0.21876839343883867,0.1840005394546967,0.13459386257749492,0.13261462267081123,0.07346937496160152,0.09776268349577014,0.004335142933890412,0.02121827219806911,0.022820566869594053,0.004721062088339599,0.03722871706356754,0.000812765625911871,0.008807202821173553,0.01411823232265031,0.0014288725549340725,0.007816103729593073,0.004050259749682843,0.008869115283204786,0.0025729100319798444,0.0117085613399567,0.009527601770947901,0.001268987795435315,0.001370857568701827,0.019079606568143306,0.00528588715773264,5.749811109193759e-05,0.0015895472941082778,0.011510013138421652,0.07909318598820637,0.6633878459832339,3.3582569969621205e-13,2.464583042091219e-13,1.4254873581637255e-13,5.904148373134296e-13,8.558786004532077e-13,3.550394543815964e-13,8.511463846517053e-13,8.488611534603902e-13,2.3746540571559894e-13,3.0591762487705227e-13,5.765211046276232e-13
AverageGoalsScoredAtHome,0.09915869307949407,0.17329324379890193,0.015089065373471048,0.006475886655730628,0.102235138489055,0.3155369161884094,0.16080128748451086,0.05614840562287902,0.13819958440429758,0.0895821817388602,0.13031052912382687,0.09047717078371496,0.09538224384084062,0.07076888798248722,0.0038731271660027325,0.10925689222943587,0.07396234842457745,0.02838958743738154,0.03026568394237027,0.03768451585094379,0.21492339373715608,0.1899736352825282,0.16549588637229506,0.00012905526460138566,0.16656536108187397,0.16786714199904168,0.5032021761194717,0.028981239471806395,0.13943727716009247,0.2088119203358799,0.45499324543846853,0.05729657309324372,0.07869137616775634,0.10422866434598144,0.0243068737715516,0.07909624270139005,0.10028508257343607,0.03125194554163182,0.027186472514317835,0.02459131374361032,0.051945095817528576,0.032857455344624274,0.023214349299378434,0.014505869551514413,0.006228828801081424,0.005528775943172449,0.003099615481158459,0.00019623061676469187,5.984846933612027e-05,5.42281390358287e-16,1.2685870202482217e-15,5.953977436287862e-16,9.141656469028447e-18,1.2343787023638925e-16,1.4322855889461978e-15,1.9686188831916534e-15,2.7566815890713807e-16,6.202622143785799e-16,1.433291367636912e-15,2.2781340052882827e-16
AverageGoalsScoredAtAway,0.0798071158685419,0.16575081985283457,0.02275158404339553,0.06592163578608977,0.13262424848753052,0.33464669816517856,0.18597009044908733,0.19629172705237377,0.1772283849339092,0.073342045706221,0.006422233322651994,0.14302656522068094,0.03022368164638522,0.08635463205801983,0.041706330687766614,0.16905771324652916,0.04770612714929509,0.022509459589742854,0.0017884402056018234,0.05310734076585373,0.04475252597354468,0.0005510320421301025,0.11811009886199932,0.09120979144316053,0.2224211984949381,0.12948844680585353,0.477756679585844,0.1156421874396621,0.24751722674402257,0.0545458064670596,0.4758498686660221,0.06077321996615382,0.0011062584468847897,0.04890791922824084,0.06116097232331483,0.03724094887787987,0.09617977176283139,0.08394148557484375,0.00740820672505979,0.04899156280220334,0.03227193292915544,0.01291663347368935,0.024218736402753252,0.04861016601812549,0.008731427331104852,0.002174484186516798,0.0008936700696484507,0.0019521380299965065,0.00024791113162279704,9.796610032989726e-16,4.681404491406169e-16,3.439679406233881e-17,6.656170401723735e-16,9.807289346270215e-16,5.828342980368466e-16,2.0486567353791867e-15,2.1642227055761704e-15,2.146379791673711e-15,3.141518426315986e-15,5.8690705162944e-16
AverageGoalsConcededAtHome,0.05996142182262552,0.056503360626335264,0.1262424934719082,0.06424865189649677,0.1091915984624218,0.3464271516378645,0.1200672411573886,0.23010841449789088,0.14610933150202277,0.19634317954909905,0.08456508238251348,0.31227197578045485,0.11642276649637015,0.18843028143401114,0.05381083134089259,0.09717714006519587,0.028360736732289393,0.44505663773567367,0.38061780842932114,0.03985901555615317,0.22703975724212652,0.1787291765880904,0.015654745538360364,0.05846378419205103,0.2777105618713578,0.011106169535572197,0.06531337643555032,0.020191742654637475,0.10223719784242281,0.01926229977054835,0.02614924970530501,0.045324256037457364,0.019898062613742433,0.05779118898795895,0.03433432136079695,0.01305414374737351,0.09842544878734112,0.06394619568010748,0.00035703925687503407,0.010530490581434255,0.0007931185362837876,0.015397418147957519,0.02218406324605651,0.006645453437689737,0.010814675710585982,0.0026225933927335127,0.006205215025769307,0.00040281058107714357,0.00010736061948392678,1.3569831102020768e-16,1.508096288220824e-15,7.596680414180936e-17,3.0512248353453035e-16,6.937764645080447e-16,1.4340953874556773e-15,1.8573881897618363e-16,7.89405864747967e-16,6.98494951563691e-16,1.0564264422723325e-15,1.654481693680163e-15
AverageGoalsConcededAtAway,0.058595024419317326,0.06934910772808493,0.12893618120065561,0.0737857275480722,0.0704059434654433,0.3220567943788997,0.17324870204581777,0.17068232328643881,0.1297189975040087,0.22748691925583267,0.3444123971304496,0.23471383854049058,0.032461306912173034,0.009912140518050895,0.19869481930023128,0.013125052483107651,0.004614421074755312,0.36381776050848963,0.36863651620330357,0.3587185113595751,0.19082470569679777,0.09653416002174672,0.038276956521154995,0.10489008581755738,0.03502402147386683,0.043242163921052484,0.0618728268136273,0.08259904240787595,0.1265239877557535,0.10410436906361684,0.03392310175548379,0.05428207737950793,0.0035600022334164568,0.027540030799118893,0.010902405330811233,0.006929456304883503,0.09968210174338686,0.05688699463224967,0.008943984103918548,0.043715460705838066,0.03649577588047597,0.031085771127254525,0.018089961337889288,0.012061431020953719,0.0007628190275326982,0.005252075682685352,0.004747075903826613,0.0009900099107161982,5.6359220358040206e-05,8.974947342933014e-16,7.495798928659915e-16,1.0688408497653822e-15,4.744602901978836e-16,1.865072291739564e-15,1.2452682471571228e-16,9.229288151037532e-16,4.450545464935722e-16,6.937666724142647e-16,9.105278664379883e-16,2.1452251221817814e-15
TotalGoalsScoredHome,0.07059725822887272,0.18376775223999514,0.25997103274942845,0.0006492017061617676,0.05981817675056417,0.06816948260392837,0.004355677869914705,0.0534044525331075,0.043795315365983294,0.004474120759703081,0.06603050507626386,0.04300906944258572,0.04583094507263387,0.045348630409524755,0.07441006105856784,0.023878659238293663,0.04389897132703276,0.1062782325501316,0.08103044990421134,0.0773247872271363,0.13214819140279413,0.06672460638624393,0.22831743532818244,0.23420998597446022,0.15172275035397337,0.037760056664955306,0.06229663341984559,0.06372072817961429,0.12294441288879238,0.001621238096923171,0.013808153163459872,0.021304002323091438,0.05931524808143518,0.014278540876591219,0.01835859847464264,0.130471661529975,0.40805747348979804,0.15977140993529443,0.05870266288241344,0.11225957838132801,0.2524272149932414,0.3687815632075908,0.4400639226296487,0.18154069448343466,0.07033874936226898,0.0006488234582964291,0.029685264143711858,0.0021540852974116075,0.0015348120198961288,7.135929446436493e-16,6.995380332476121e-15,3.508298611927273e-15,1.9296567720120286e-16,9.631719743534902e-15,3.441526337075038e-16,4.190746784757185e-15,1.888855763785197e-15,1.4075902641825067e-14,7.87086765603419e-15,2.2480833843456444e-15
TotalGoalsScoredAway,0.06241960808831961,0.1908327640721734,0.2587298701133932,0.02020407157312374,0.04658492716689275,0.07210346993831598,0.05703832638514149,0.015488240402071769,0.08995402214809059,0.0642556591538827,0.02217824332435289,0.02252910277447595,0.05091765177106459,0.020287254971257367,0.026992382074041962,0.037944556898711075,0.004901230764240724,0.0049375209032370675,0.0014520961751021907,0.08736953476526321,0.03502260168065696,0.29200566045087034,0.2414109025140146,0.025397206492534703,0.18457768080348552,0.04109736040017905,0.04389930265914846,0.12528505247577734,0.04357595824273733,0.026933697872229184,0.014972696255322283,0.04354730869675702,0.07802806873714989,0.03294926945080564,0.08576309796720197,0.04048961102808319,0.3463520753924681,0.2330174542260528,0.16703759992508452,0.15902526286732643,0.15830661068648808,0.3459600123436474,0.4031267368644716,0.30304282186541426,0.09299087217421004,0.005463929917035435,0.021567318694475462,0.00038489628659711157,0.0001507676257935822,1.3937833888429137e-15,1.4296077616395853e-15,5.236670355998712e-15,7.402800663703405e-16,2.822122160067948e-15,8.463779869635741e-16,7.404215109837923e-15,4.060797190146296e-15,3.1971015975608696e-15,2.2892418776929654e-15,1.0594157333449695e-14
TotalGoalsConcededHome,0.04583173106976704,0.03849564415241424,0.34939209014120726,0.03560336214107549,0.06151663230291395,0.07514269705175725,0.05861345546084632,0.01651094626791508,0.01375227539607386,0.03992955430202473,0.041949463613196306,0.09126342743988441,0.015794920916849933,0.0708155284307924,0.01970563512296447,0.02647848135883111,0.022216375636655884,0.16138290614122985,0.06406433715726154,0.09090115977658615,0.050047063701713586,0.04924626736595952,0.04363264057510931,0.11858810499028255,0.14262566070922258,0.018606179983362427,0.03690986845871233,0.03452767316774261,0.1917177050578386,0.0011662002955329068,0.055671004626678885,0.11112090367778339,0.026725490457617948,0.047516472354481996,0.053710630799846476,0.1143413129442419,0.4780545713628332,0.265422224148808,0.12065650755842888,0.26646020747786897,0.1901536114124534,0.2935304801505491,0.3963918813952334,0.13512014937751485,0.06828299586952204,0.0038655200053897684,0.024564023038276938,0.0011303999333337684,0.0012220290677544016,4.592416644468062e-15,3.623507704845371e-15,1.3303515333125523e-15,6.099934108412469e-16,5.923111563388549e-15,3.3016345334128954e-15,9.303022903843065e-16,3.596797300547918e-15,7.036307171029461e-17,9.923407244795565e-15,9.418396585166423e-16
TotalGoalsConcededAway,0.04917081422305658,0.03392619584333681,0.34895382028608024,0.0557541532569042,0.03341399209776343,0.07606715766839785,0.015726082947589665,0.04523932786393806,0.04174681886379909,0.024630570571676263,0.07560666277894447,0.04018083429712994,0.03326386291350677,0.033711546785326264,0.024760660709960542,0.03581111813896489,0.019638783870279713,0.1445333476977771,0.0008831762759508722,0.01409173921296992,0.06579085606736952,0.2606773364382423,0.011917125345890364,0.06685747236220509,0.03814040539611437,0.04199106686118483,0.10374757278078557,0.13800924333243614,0.02611064982918752,0.06308298088293206,0.06052258370009906,0.03756518617167171,0.018373495976814334,0.0009485765273567732,0.0752482517059514,0.08404756137073595,0.4334360396194087,0.24424327426416684,0.08170397602718132,0.2540844978593505,0.3391552238793107,0.3001110819025372,0.3253496522055675,0.24335807148164704,0.07060861897565819,0.004788500747943065,0.020221371322885914,0.00017892837701308895,0.0006337857332019694,4.70870654970275e-15,5.4404328418128586e-15,7.680812903232432e-15,7.6699782528634905e-16,5.744466949452366e-15,3.665031935556649e-15,5.05917171006652e-15,3.2688723846855997e-15,4.00050023716156e-15,7.94044498519872e-15,6.477324875549741e-15
AverageShotsOnTargetAtHome,0.08292850882786627,0.17095794365715222,0.07018344829770276,0.0335621742601096,0.10700248341367341,0.36250321433449195,0.23553393966903005,0.06680470745613767,0.2250799542011362,0.03716944314628077,0.15247092183866998,0.07064014343137237,0.049193322026260644,0.07733678173630755,0.08666173410577084,0.1105521589066478,0.03931902615933948,0.11585967696038213,0.05138384667178915,0.16720032949742733,0.10487168389981591,0.0037373334489402533,0.0005454859313405644,0.14259657134274198,0.1530663397658094,0.03886561700282178,0.18674359275254865,0.005580027554062135,0.018281200303636152,0.010846637208527545,0.4094427495529566,0.002510204732429544,0.026758725476268907,0.02723492291954679,0.008369021336352301,0.033381728344027466,0.0016356121291795525,0.013145677194361364,0.02196473274060683,0.020013057682657886,0.026172590042101613,0.014089417528724111,0.005067541360391004,0.0037867962951628562,0.0027316467269757508,0.0018351248014468972,0.0010588558846379684,2.7097355541156285e-05,0.00035228988432231453,0.05373428108408062,0.07316136747238876,0.11674292095868272,0.12372277382819051,0.16611214770809332,0.07488895678872014,0.41136382459554244,0.24835114197605584,4.209363183836623e-09,0.1510981895769568,0.11416341032140667
AverageShotsOnTargetAtAway,0.08178741616830375,0.17929908370153394,0.05514899807706593,0.049586715811334225,0.05310180282114886,0.3573782132624167,0.11456219398372856,0.2333320145673655,0.22414815820918063,0.013317466300283161,0.08844318319074355,0.08626133766647877,0.033416998999870176,0.08420225784512705,0.041060960642136844,0.13420244533801243,0.005935776378405824,0.016230181689780687,0.0413852952181936,0.2155199118323708,0.2176068225751272,0.15967818132992603,0.01763242524431817,0.018907283025933582,0.020636661930783003,0.03740238875897748,0.07285953012970063,0.07106775479335768,0.16724015834052164,0.0060358275117895046,0.4740749322023783,0.06470989342373788,0.0290224866488197,0.050488830452017755,0.0030570810385167897,0.0029139556641948725,0.0006459306847627837,0.01554196641637992,0.030110600285564504,0.030937736166819167,0.02808098813290795,0.026558403044047624,0.0013286373278323898,0.01582032647980984,0.0018771476833040945,0.0023463023899951336,0.0032027038455397627,0.0009701179150888622,0.0007564041473089952,0.04769224614311312,0.06493489584796243,0.10361601587477016,0.10981103429465826,0.147434026770715,0.06646823012259008,0.36510890964158216,0.22042583531566343,3.736048435279414e-09,0.1341082806673644,0.1013265527283456
ShotsOnTargetDifference,0.14326647977615378,0.010888505017962749,0.019562457489250874,0.009625627372101138,0.14198954416253906,0.041739776711283684,0.3106460615080719,0.2523202213597656,0.3906163311857722,0.023352205360908374,0.2127717458733809,0.005455165307635436,0.01799479858641561,0.14008975581371744,0.11340646130026422,0.00788574517308755,0.04107442768877066,0.12000161042215163,0.0811732252266773,0.022188236918339543,0.08131246510326195,0.12711455660464233,0.0149192819339421,0.14682083884035035,0.15787970703404608,0.005222222134653413,0.23160251032281673,0.05296663302362084,0.1198994566350908,0.014927119495662864,0.010433514202774509,0.055221085196419044,0.00092085251839219,0.01619196332632604,0.005210088166617159,0.02836912309612188,0.0020348772380776917,0.000597596309628651,0.004385104943291509,0.0068593017513075135,0.0011506934204246614,0.00873556386659691,0.0035819493034186887,0.009446706955900995,0.0009816168985577643,0.003608943139294947,0.0016431909928516291,0.0008181584817288847,0.0002939238465680521,0.05832996943601413,0.07941858051257297,0.12672749823777274,0.13430431133236342,0.1803190868712306,0.08129392396160812,0.44654620535805495,0.2695916690165611,4.569373925978185e-09,0.16402104209917404,0.1239273718827432
WinStreakHome,0.07331233721489797,0.1188933473230654,0.010760136130225917,0.051230451930047764,0.1955777906670064,0.0845515859140612,0.39175770000732996,0.06448286688341795,0.09792291243964032,0.11380260962915212,0.07471705238961031,0.29725374376962327,0.03857430683064891,0.0002681936362552389,0.3216127047450735,0.36305163376870636,0.25951258578583175,0.016065050417448892,0.34842608270629094,0.07805796380182513,0.1528701544923498,0.07666325880880673,0.14066214746570804,0.31898466107258533,0.17909476161811014,0.17615188653325406,0.07688344512184202,0.044198852144816066,0.005000017036889917,0.05248335862904366,0.00017443904876514026,0.0003118463580833976,0.0005618938265203124,0.020021073431959534,0.014670882677592017,0.006492265594843952,0.025319279184702167,0.015818027535615585,0.012006364644094075,0.0030028111946966835,0.012282678108050851,0.0014856747150825819,0.0025782320633584706,0.002352890941325985,0.0011022464604029925,0.00023923191389345767,0.0023424663906177743,5.153543983263483e-06,0.0001705016813098458,2.9954413984545936e-16,1.8708018059305389e-16,4.474849479181396e-16,2.392954693162569e-16,4.694808615055921e-16,8.238616665373351e-17,1.481745109083396e-16,4.994493889958961e-17,1.094300028151856e-16,3.7420550151485245e-16,5.213259820656505e-16
WinStreakAway,0.06816908562290729,0.13253049131283298,0.00841477028933179,0.06965550900522717,0.20318825591765682,0.09071976085387487,0.0034126014080173594,0.3985246815548344,0.001149680085734046,0.1544098281628395,0.26127073613193347,0.008424842339611514,0.0005335151140104773,0.006738987081227005,0.26186431724328396,0.4588296854503336,0.0635740943097529,0.06899120036120189,0.30513675159501474,0.0016218500788830934,0.28981391880340995,0.0361917776340335,0.1056774221412202,0.22219213653504738,0.06778418594492952,0.3446682199665711,0.1130485635902019,0.028975763043366624,0.012289518548995649,0.06424277203155913,0.039121170488258084,0.0025145196711569315,0.007900321056369836,0.007790561843779417,0.033298625453835086,0.022061609909051278,0.010086267242073435,0.025286625438551404,0.003515332076163381,0.0070241540125362744,0.0009213231757206658,0.0026801502969461886,0.006301528104103074,0.006993571197734034,0.000708352463790713,0.00033585096933681416,4.707526517336259e-05,0.0008490233961601229,0.00022975377524591238,9.16754986500693e-16,1.7434421514143206e-16,4.41824368700714e-18,1.8457676544401253e-16,9.38615770416419e-16,5.657318204849233e-16,9.894544100571937e-16,7.555518090670865e-16,6.478244480375379e-16,8.547906727526433e-16,7.215964661317726e-16
LossStreakHome,0.05221810058595678,0.0675594476853572,0.07760977865093172,0.02856669600567501,0.21953010036167514,0.03554739067866359,0.4378621013248008,0.11479383442068973,0.01180321911207043,0.04917463841686952,0.07616188305658639,0.2895369140371718,0.2404936136258886,0.17488232445440718,0.5301696017565799,0.19232966488844203,0.2307586563024913,0.17801861352385756,0.049587786967052856,0.040350481857126544,0.15959351005842914,0.2576977611860194,0.0999875465184315,0.05657307092597121,0.14041737903522752,0.09109697385939133,0.03280613738462606,0.00951317041167586,0.06398253817589909,0.014386442575152713,0.04771779597219111,0.03794339259308374,0.013537157879016099,0.005457881027189054,0.008128468279791681,0.019264985927089612,0.006207019004885482,0.009514351635733602,0.009648374386332287,0.01983053378689449,0.013078931037684247,0.0067700915623686905,0.000698103126258495,0.0053492624989466084,0.00331501491726685,0.0018839803225835733,5.262418874703713e-06,0.0009294131881407384,0.00022583037148497312,1.2296533121854277e-15,4.908822127955202e-16,8.751593336640664e-17,1.916527085986846e-16,2.470526604075421e-16,7.457862244224826e-16,5.85889313165057e-16,1.8941394405761116e-15,7.871441487449172e-16,1.6329786321748852e-15,6.53785794638593e-17
LossStreakAway,0.04959198831969405,0.07631668939121954,0.06472964645889931,0.13197062432459938,0.17523747704665196,0.021141113487885728,0.007181290186608794,0.4549186624817801,0.04996172707141842,0.2152204462909277,0.2175578932826497,0.31746651868093856,0.09053718305171365,0.039100643526868956,0.3026078595012108,0.5141101669352071,0.027375187958249433,0.14364948854421775,0.2235912487260776,0.12799154632294094,0.0339997669226975,0.05512173960021207,0.11614022277038807,0.20583388314024798,0.06825137320939688,0.04077024728966563,0.035184989382173355,0.0351556367887165,0.011534367224879261,0.061009099114954286,0.05348127649241216,0.027712961932475827,0.0443085628589784,0.0007483980167110165,0.04999770987132404,0.016777572685481145,0.012478693434699453,0.015952951752925472,0.006044767966449561,0.004688554915783222,0.0020129763659832672,0.0020153576833106647,0.0007869863975348659,0.00955075584322529,0.003334205919813999,8.895924514455114e-05,0.0005968730196867738,0.0006697045103421259,0.00019261763886755127,6.490569127424476e-16,9.922909723835805e-17,2.9916815740815936e-16,5.707195079897995e-16,7.722435121248762e-16,6.024134748173825e-17,1.3897045887620407e-16,3.0939870639259735e-16,1.5232125689080454e-15,1.2372798834292885e-15,2.1551345421189965e-16
TotalWinsHome,0.08470170629474132,0.1931845409190041,0.21550002237729032,0.03545827877746194,0.08890766238575573,0.08452728753599513,0.04913352789858556,0.04786701555239047,0.02829769537585415,0.0029748678355145564,0.03913148014475426,0.03915841446926621,0.014912878313006446,0.04827263237299916,0.14927509633458133,0.07822722450341471,0.003543713205857155,0.18279773732580007,0.05686093228672545,0.1170034967961724,0.25324302292556067,0.0624475352015555,0.21762943176863442,0.3389283989295337,0.09242928144682817,0.03002578210930994,0.007433533975428054,0.065476308877263,0.15512683002419234,0.03030292718473345,0.1009749892386742,0.09017752205710362,0.09582450302091984,0.026187129437217856,0.04506170280824475,0.09673952188190013,0.03572277204124559,0.050780403155658724,0.01711791693718067,0.1426223101516878,0.27444953432242913,0.25813135064032355,0.2771978549930129,0.14007434657377946,0.04886655704318384,0.010800480575223242,0.47830040012814623,0.0043407289976086245,0.007346191316529314,1.9125382999040513e-14,3.8668360342074366e-14,1.4055615096273881e-14,4.796565014564665e-16,3.485140256013117e-14,1.7276488340939506e-14,7.691079980394084e-15,5.03168801071911e-14,3.4113705728580264e-14,1.1546889063915393e-14,2.9878314721560152e-15
TotalWinsAway,0.07783376816239022,0.20371832129357312,0.2138056794799929,0.053866684704364995,0.06565838950121393,0.09144026190144999,0.04464238198316374,0.053761175488705515,0.015214081883485405,0.044097999324500994,0.038679140794902735,0.07535386796828711,0.07093276458874773,0.0652756330130903,0.052455924145056794,0.044047512698998446,0.009887420569256334,0.05849233361400071,0.038181036651746485,0.15737271886808263,0.028238203214651286,0.36604125664603926,0.29151395470823566,0.056427773614168446,0.15356230568304796,0.04025833363731093,0.1583456107918109,0.10580078965817472,0.0660595157534764,0.08647340358696134,0.11033008729368131,0.037824216588183704,0.06509562208279952,0.05281133162235866,0.09820028481003758,0.10680051551879628,0.03941534207419053,0.0415465854979607,0.10481341052563686,0.21531128775850128,0.1811544206166486,0.25411472703053367,0.2564793766014051,0.21804428940111162,0.06716806904036837,0.018858885590971965,0.4679375788302428,0.0018657943911622656,0.008817904611776717,1.9948892862530953e-14,3.5878452512365324e-14,9.899378786543872e-15,3.0968471366342154e-17,2.978152056156146e-14,1.7753672070023846e-14,1.7631762764347773e-14,4.9073373319970785e-14,1.888136682444328e-14,1.7280898677761922e-14,1.164938644285043e-14
TotalDrawsHome,0.015997598024271257,0.06614931528178779,0.28572033607577263,0.025419692728968945,0.03372024639558533,0.14529957356692597,0.06550466700086696,0.00135361975271604,0.047849142779943295,0.08176271258673895,0.08899445738823913,0.16470255210699347,0.038894904536167035,0.026028065959189023,0.3566756704415332,0.18372674169777348,0.13121353132181057,0.014104367145862705,0.012405356106645504,0.028808694524727115,0.2676883293550901,0.29039749602750003,0.19476012616678393,0.3465964052433173,0.4653169973781668,0.01199941112851645,0.03073090179388546,0.07016074990993396,0.1787255320780003,0.05777315935141004,0.02342201337499805,0.007983011519065624,0.013446193233754669,0.020638232976366744,0.004035887403961418,0.0010507886713228241,0.06969228124914226,0.02740554189647506,0.03944962060636566,0.06434234537901319,0.08210792762974284,0.0023506704448910364,0.03109079610787305,0.0012672485422024911,0.00016124359355607193,0.0039047588033904977,0.2623127610744538,0.00032976877877635946,0.004514349809094116,9.815381540431467e-15,2.1256086996552842e-14,7.414977124596735e-15,8.022599958054122e-16,1.5176286034047806e-14,1.0619498782671206e-14,5.836570102866711e-15,2.5485726559876786e-14,1.4787481484292935e-14,1.1120549780625251e-14,7.391317107786849e-16
TotalDrawsAway,0.01753289081916225,0.06043508484970393,0.28899086246969846,0.0571702657056569,0.006662708365748589,0.12573141155899042,0.025758747448239208,0.02855307856737637,0.05338783387158405,0.07247588537290758,0.07918442992741814,0.10525095970930957,0.14635047385220495,0.13933336922391446,0.20159901772286998,0.2963050093182544,0.012611726060732879,0.12996465031583818,0.2708042847988714,0.16370565041482166,0.09250109983659133,0.017500076827156655,0.4425285356614361,0.3901938435259116,0.0028555158524741957,0.28600950282023635,0.05463291163233258,0.12581182991594597,0.07962090969192911,0.11381473523508052,0.07056603322541094,0.027714093011641402,0.0650698947688798,0.005026771274327001,0.0278917812832183,0.04500587641652187,0.08626651753672575,0.053155366338121526,0.017779019635118267,0.06788148027886727,0.07863092665127079,0.0012058095294375682,0.01653952492972208,0.000659192474573985,3.975457562629347e-05,0.0029441950091036633,0.2620348073948299,0.0015392641953452081,0.004792776843152792,1.2078865575611207e-14,1.9252445735960724e-14,7.024933137218818e-15,2.1077672971747824e-16,1.6882297845768314e-14,9.621597957501152e-15,7.270004385598869e-15,2.6489910755030252e-14,1.1040814597053763e-14,9.532087860150673e-15,3.935940350751713e-15
TotalLossesHome,0.07444152569059094,0.0120311895404932,0.31621051984846243,0.03323973790320031,0.1098502667634639,0.09008901197421473,0.06126076687350819,0.05044324184085597,0.020418977534263933,0.026860789914336314,0.01693509805361443,0.12372327765934159,0.017594610275470306,0.051487550519702246,0.06864211570295015,0.04556709654860456,0.09288572015453124,0.17968867135151487,0.031788721682378104,0.12848205876061555,0.112422567858569,0.13060552530422126,0.09343464217899719,0.14194556866844124,0.39596670872118445,0.014473984578877063,0.033505229564132134,0.1281439201129824,0.27316955121984093,0.0022164192116717087,0.017538909615067752,0.006555429992612968,0.04709487357024932,0.006511027163196108,0.09990816235836497,0.11313741814917724,0.016662514070638616,0.002799881575407762,0.11612246683243051,0.23750241902143626,0.17316657498323018,0.2081472326629938,0.2970318841108334,0.09148987971595178,0.04278126531402774,0.0009041138679934395,0.4546381931292231,0.0021410445130972413,0.008240916862170282,2.1934386430311652e-14,3.536826597178602e-14,1.0418684255047864e-14,1.5115151677502303e-15,2.2714164866470565e-14,1.9260436746694127e-14,8.690562600367093e-15,4.637278527861035e-14,2.509043191214296e-14,2.1362175392640817e-14,2.1482276928174674e-15
TotalLossesAway,0.07464286020782487,0.01847349386868101,0.31466624452059483,0.07536040369645286,0.06535948590764536,0.09410330470927089,0.033208270646975194,0.07103270333094877,0.0059772749404842325,0.025859942659343015,0.08626612055469553,0.0030370358509701637,0.005553574027764971,0.02667936626184308,0.047726015430059845,0.14380751054801733,0.015200322489215186,0.13906235761646082,0.14116032018956068,0.08252036235969779,0.02473089137408368,0.4101942483859645,0.02348171123047957,0.17037596622622123,0.12873893410191128,0.15581178224804287,0.12209018766030566,0.21320101229419117,0.019710572988690216,0.12274070070012974,0.008393548381642468,0.06562944901322253,0.11187449474263053,0.06119345985277088,0.06637137151391874,0.08898320542962383,0.02164443900967151,0.01655066103280753,0.04833550373739459,0.17678426342881856,0.26636498111478923,0.19954197221808384,0.2531515708027314,0.16467357019603898,0.05388592902447435,0.004635840965879496,0.45231424079041394,0.0024465492368553787,0.007570036199281428,2.1503019410764044e-14,3.6470703257450923e-14,1.615936632742275e-14,1.922965510556343e-15,3.167816853703322e-14,1.9061995717216586e-14,6.3262512325892154e-15,4.097886410846119e-14,2.106002560203108e-14,2.0570712100801346e-14,7.352321085911725e-15
HistoricalEncountersHome,0.05749718021187675,0.08775186893370548,0.029636382031515984,0.13599119342878335,0.015163347697017868,0.012570979436368767,0.18903922515363303,0.02321103672462491,0.043550278840116176,0.583381479987341,0.27409896735583433,0.3899246141129766,0.4765641272734144,0.1027006080178876,0.10301099977933642,0.012002528955051326,0.1475325594707927,0.03908848308502966,0.03485732365629136,0.08013026065247232,0.19418171265845902,0.06066117973250626,0.07692132063436286,0.07256829040850024,0.04306480642163699,0.07415490552910933,0.022206780175900536,0.020701227543789467,0.07506623312091731,0.02118181696365211,0.03344060811445265,0.028068456536051067,0.11037448141005549,0.009721511106021496,0.01631792168776082,0.036742676385442555,0.012898301600062384,0.03125559585641998,0.006758575452991778,0.007350868979290173,0.013681751030042615,0.0016787367050922783,0.0008243338192525264,0.0046621777156286345,0.00228402725108143,0.004357347250748338,0.0018791972476111757,0.000533816067872047,0.0006097836776435433,5.019003651855531e-16,7.056064794959092e-17,6.190589293487839e-16,3.605322687017017e-16,6.366419799368407e-16,7.325282425976887e-16,6.489208923788481e-16,1.9148994427642074e-15,9.344024363577368e-16,5.702276292344477e-16,8.783565613115514e-17
HistoricalEncountersAway,0.10498991894736058,0.11786933097474428,0.056188207563133176,0.10562880513545245,0.14286846807117012,0.049998745734865506,0.15809275009477788,0.06619312586712889,0.005184876419335405,0.08576486428819177,0.010683338964162056,0.06745674148596463,0.07183781235662645,0.12479453082624446,0.2771400987266431,0.18180293015309804,0.8203010307822978,0.015256677382971241,0.10557659558775957,0.14353043705212445,0.17894286549906907,0.014400392401837629,0.03781759478263175,0.03242573679725267,0.03635776009286591,0.08158216892433433,0.04949484975610777,0.0527539142996891,0.004552478316338717,0.05255416005929108,0.0740530190651994,0.034445012907194365,0.020497649356893407,0.024878428543197703,0.022520568048825917,0.01285846643139274,0.03002180231308559,0.02431737400177701,0.004685078711770393,0.014637842953865773,0.004879749787321953,0.005769484379214665,0.002423597240428316,0.009378856404957309,0.00034788638297478627,0.0015599458061176686,0.000830727931795316,0.0008431214451213979,0.0009367555920823705,3.678431081363042e-16,6.995933638304183e-16,3.042178969104321e-16,2.505784655987266e-16,4.1301591777261603e-16,1.0248771235805851e-15,7.421467737944394e-16,2.031332379923145e-15,3.6160260745276515e-16,6.286785643109764e-16,3.8769058501212513e-16
HomeFifaOverall,0.15020324013612077,0.18141811570427735,0.08984105377143085,0.11263016460066938,0.1106949414709791,0.10081865297457819,0.08577954857320245,0.12655682965453538,0.1022385918998775,0.05406621073963296,0.08881335266031658,0.08505195260067337,0.0376524243905904,0.09326773413359425,0.03505795073392385,0.042306019417490376,0.0038013200503314347,0.005460052922555288,0.011908415829002535,0.07932699647311466,0.051730396777637515,0.06482646055602302,0.010281257766750575,0.052128574986892405,0.011366946134106314,0.015992745561552932,0.03650012567188262,0.04171484374212126,0.08895879492065567,0.027846869780793978,0.011947534031586283,0.05679303667577096,0.032441999904533114,0.033584257350795704,0.04304076721641265,0.01480038286614074,0.04639232335405993,0.02631740833161898,0.4253522904793052,0.06122400712773819,0.10392686964660977,0.32027759120138016,0.15491567280686092,0.4791450021543337,0.03985961748237133,0.011561331084328065,0.006287477974551224,0.0019777741910326882,0.0037009515265641734,0.019706861011850225,0.3544603347257021,0.05330325311650387,0.19078526088197933,0.04861830108092052,0.18501161260941534,0.02826259532304252,0.0223942176236779,3.7954964484623526e-10,0.20119536446567848,0.02232879940145977
HomeFifaAttack,0.14005103980536807,0.17227771782644316,0.08756986963490197,0.13012436767828664,0.09658359203970177,0.10874440203163489,0.05773565919087637,0.11977661964158291,0.049146491328252606,0.08985456789116973,0.08167135564445585,0.044070486742573974,0.12440518488526485,0.18875149781853273,0.043871182439269484,0.07332029244582282,0.03315785371973334,0.01698387842209671,0.001298271029708625,0.03694813749884069,0.03935673609953852,0.10107644670477937,0.03752299038949363,0.05204645559181204,0.025302729675196502,0.1492917707781753,0.11888809978628019,0.3319755862075851,0.017474837598651784,0.18086569960179494,0.10448245937489016,0.3426413371529886,0.4190768062141176,0.033423792356326365,0.0458358168849775,0.023503537889215532,0.02789990012264115,0.081392156280102,0.1304096702640528,0.00588492456703761,0.01286312282810048,0.0567826039125966,0.06252303271617574,0.15172411581012693,0.01652533836036984,0.005289294632158722,0.0010627076382776516,0.0003778649484522321,0.00035698258174635133,0.3416323210584575,0.008372762885149833,0.09283696017615986,0.2258646683152777,0.15975347037529383,0.0522378067498622,0.1449025839922193,0.03055410967437088,5.178762928399361e-10,0.14425113158442238,0.025576356499480812
HomeFifaMidfield,0.1430224144403578,0.16983688668750885,0.08553255504995586,0.10982042340433916,0.12523246060092194,0.1087687093369997,0.07559244643147082,0.16600856155428595,0.12664497252916523,0.05430657357048589,0.06483121840610542,0.10990260443404495,0.030093266338078944,0.08322810328946054,0.02605952886383403,0.061312587102325976,0.0358466695025847,0.02020647844829382,0.005220903738406654,0.09734505973306422,0.037971344348806134,0.04710909953159687,0.05832083776293263,0.001570497848963635,0.08721003506131907,0.013745853985434278,0.011219530676754293,0.04200412067538114,0.19581116999941242,0.3229273861158563,0.1433796521654302,0.2804794650931135,0.11684804280804163,0.4520644330017414,0.12181476353514045,0.0023654686884955443,0.02863058136429926,0.0172950201583214,0.15228922344027837,0.01017416472767845,0.056939201205081266,0.11898437320783936,0.058308467741788085,0.17558050102349604,0.014401009153915862,0.0073157610481579686,0.00836016936796302,0.0004900636766144269,0.0023929946998293267,0.19157590849482975,0.1638613178772617,0.12998893984115567,0.05026379670402194,0.2779571038459812,0.10781958607679495,0.023631536050812082,0.2508256798588402,4.251300585976182e-09,0.09276278195327503,0.004771403495311647
HomeFifaDefence,0.14827519663063324,0.18050611025834407,0.08714368486708353,0.10015462284271588,0.08955803876154869,0.08571720610523131,0.09242513211517012,0.11497255651094992,0.06754882655902648,0.014063383107988901,0.059725847157792666,0.07197895295898321,0.027132818982234855,0.060815649285225516,0.014466502529528026,0.026048440988556024,0.004581428237301923,0.025119656646614308,0.02317543535351094,0.06322542616925421,0.08252951556940477,0.053689505292474946,0.020941272935316804,0.09670777351682909,0.004086936135286348,0.09328904098198502,0.1613766829718922,0.2062510702069508,0.13729035919460297,0.2349829437166811,0.0014851186187057922,0.12199210455432069,0.29745140175778717,0.5020185282063439,0.10222858223384314,0.06816436825049278,0.007321432692918647,0.040756811350084375,0.14899159774397142,0.04292320879813794,0.04560306104149797,0.16635359077119546,0.0389812131685104,0.15342057196717912,0.0002560013927783768,0.01826755603041337,0.0006181284790591348,0.001371649861737622,0.0010921694271507898,0.014850031091310716,0.14764216906172814,0.1446385934753847,0.22599261265518655,0.060436696974983176,0.21098886649579374,0.1674295610123283,0.09298293607132482,1.5759993446069848e-09,0.25319185711172104,0.03818884771502034
AwayFifaOverall,0.14160178723361003,0.2005683742059892,0.09230057616152773,0.040154562191769605,0.14434738548279452,0.08705234303699047,0.13986201656702812,0.06726684196856696,0.05102318763233382,0.13902701110038193,0.007193763200235696,0.01696546315401405,0.058599103188313434,0.02605969382264233,0.0602783133733638,0.029086128028462978,0.07582944143561483,0.02962452060507773,0.02429102173696158,0.005594353938305758,0.029847915624672823,0.08449702899728459,0.05777726376012764,0.06573524709325627,0.04480738859387567,0.0029428785181049655,0.015331161297229586,0.10770112730382765,0.0579968131744504,0.0030319797819865313,0.0227152837684282,0.022339280505733413,0.04308943214601868,0.018049790591265463,0.05070477422776923,0.03756779517433919,0.00043295767977553755,0.037195171368625456,0.39928555196121834,0.09270806754723145,0.03649575011729837,0.35298806438813984,0.015774926748936238,0.5042183423641384,0.06957787772486801,0.008044963451477396,0.0008071377735311059,0.002160150971008941,0.002054051093872155,0.01970686101185098,0.3544603347257126,0.05330325311650706,0.19078526088197045,0.048618301080937766,0.18501161260938903,0.028262595323055674,0.022394217623645667,3.795775667352649e-10,0.20119536446567746,0.022328799401457683
AwayFifaAttack,0.13354903262654202,0.18876708345263132,0.0903631888594029,0.021643244983001533,0.13135979981689425,0.0951848268263353,0.10698952495245787,0.09907162710117917,0.007756203062904934,0.21613980242291025,0.04776436644885141,0.014182233548555913,0.034867461392736235,0.06407323230558597,0.0462524464727211,0.029255339977518183,0.09943292770005288,0.04985670128534809,0.0444766692242759,0.0911909002540386,0.04360449573002634,0.012183751529253134,0.05611446826316745,0.060907141846270295,0.15997668542506852,0.1561757114989423,0.15999656767838774,0.10858926599293117,0.33951531909214366,0.06160764393830452,0.038897780860702745,0.3211965779688257,0.42905392862185926,0.03650803415366457,0.026323670228146474,0.010085652631841711,0.02296153098400197,0.053659077508422866,0.11180224900708008,0.05787862689462011,0.05920574552430507,0.07187162510992944,0.025786772460104884,0.16201115780545672,0.030467077905153735,0.0027553212080426892,0.0002816617062164229,0.0003829180392905989,8.198035294019156e-05,0.3416323210584598,0.008372762885149045,0.09283696017616161,0.22586466831527596,0.15975347037528795,0.05223780674986802,0.1449025839922142,0.03055410967437335,5.178630045274821e-10,0.14425113158441907,0.025576356499481378
AwayFifaMidfield,0.13473879736025482,0.1900724438541803,0.08946534203344073,0.04318788631986029,0.15905845027114357,0.090754841527634,0.1449630852334197,0.0639383159495111,0.03849330804978895,0.13697373913084623,0.011741621447860399,0.011024737627431022,0.059828000231618855,0.013954073893460905,0.08549557394203425,0.04276097120771426,0.10624518180376243,0.04021572051555473,0.057520658881120235,0.02814103809513188,0.025180699043772414,0.15102537607089633,0.029879792266028878,0.12118582131838748,0.013100715153924618,0.06402620556594443,0.0006146174854880725,0.0725136826969954,0.010257716428794257,0.39976945415864884,0.0087629687520875,0.23425162990549295,0.1897627625789655,0.4351628300802533,0.15299944755320943,0.05407921073269297,0.02521321804814023,0.0036251706426944723,0.12234230758813705,0.032522309849391404,0.010974117436561967,0.11904007804549062,0.003454109834153883,0.1889873552174166,0.03036107443596998,0.002732030185007232,0.008458321295633116,0.001012105714208502,0.0011303752022196344,0.19157590849482586,0.1638613178772559,0.12998893984115917,0.05026379670402641,0.27795710384598893,0.10781958607678097,0.023631536050810222,0.2508256798588248,4.2513071243356625e-09,0.09276278195327578,0.004771403495310929
AwayFifaDefence,0.13839442060481402,0.19743759043771553,0.08971155480388482,0.034991987100055154,0.13074142564857813,0.08438853196443628,0.13377528045152734,0.0586506136351954,0.02891574946238047,0.09362157431066596,0.02108351862937013,0.022695835027058627,0.05688772394260764,0.004208272577795445,0.023954949999114294,0.03340849800991611,0.05930734359371805,0.013495456286234534,0.01143990646165155,0.03090349050350665,0.019535817691268234,0.05134505225739087,0.05121210309026727,0.011555440174307572,0.06406581206173477,0.047834166163484015,0.11346754612501238,0.3088492494493141,0.09275153621159891,0.29000328745779524,0.11116234056039644,0.14029771009532455,0.2559292896319949,0.45641764685222497,0.126070583923345,0.02300531044922434,0.0043074029974993966,0.031000636092578665,0.16235896211489292,0.006569552911404167,0.019446157833425487,0.18867604317384856,0.020879927404509634,0.15112223316907925,0.007589541906974807,0.013365111272234385,0.006572337070481043,0.0005849685638333994,0.0006529380657049168,0.014850031091309427,0.1476421690617323,0.14463859347538138,0.22599261265519124,0.06043669697498745,0.2109888664957865,0.16742956101232148,0.09298293607133847,1.5759864108177979e-09,0.25319185711172393,0.038188847715019465
FifaOverallDifference,0.2015579226261654,0.0132276210459817,0.00169886114735213,0.1055326990726295,0.1761648936137495,0.009508776659054785,0.03735627860009372,0.04095325861323512,0.035375917213193823,0.05868480944185827,0.06631480959943792,0.04702924927468358,0.06648363163331641,0.08242280370553172,0.06585143346436295,0.009131350030990587,0.0550032019904533,0.024233899669914717,0.025003967552576216,0.05092920568576692,0.015114843917713651,0.013587013725000052,0.03280682443121628,0.009398510328402086,0.02309825219478047,0.013079367026428167,0.014621997852342443,0.045578578122533374,0.021386309815860767,0.017140341012766545,0.007437586966471075,0.023798176415590885,0.007354480295425684,0.010730092203618504,0.06475267667343322,0.03617217041357749,0.03234353587612123,0.007513576240686379,0.5696005032519021,0.10632520445822177,0.09699384477524864,0.02259404192953001,0.09610841862759227,0.01731885982753618,0.020527236465171697,0.0024288538195059604,0.004900450224894565,0.00012597276037941792,0.0011375603530664423,0.0285305635323531,0.5131691492373698,0.07716966434213222,0.27620893065394436,0.07038703561112236,0.26785014440408295,0.04091710856277477,0.03242117799912852,5.495167515467969e-10,0.29128013461152963,0.03232646891565275
FifaAttackDifference,0.19196827635535696,0.011569569661720014,0.001959899615783821,0.10648596233981455,0.1599338028398889,0.009513916634360634,0.034558396238882676,0.014527414757614755,0.029041009476075637,0.08860655111201898,0.09081705369521352,0.04087233679399632,0.11175178100200721,0.17739150150997843,0.0632341853835958,0.030917656190045023,0.046501127007165216,0.04689790745659992,0.03029561579980676,0.03805879720101004,0.058208773620124526,0.06237051518937282,0.06569962273793266,0.006216996408205278,0.1299991247983973,0.21432767007012496,0.19567615037255823,0.3091171524478809,0.2504779492440204,0.1701285727294427,0.10060106101870116,0.015046463331858717,0.007000330718401213,0.002164022021029867,0.013690468457887572,0.009414501547089976,0.0034649486863235586,0.019458588890357408,0.16994514746254116,0.03648077037568728,0.03251575674561193,0.010587034445546758,0.06196153726964547,0.007217782155841781,0.009782057753208673,0.005644410189840519,0.0005480117019632028,3.5454395679229483e-06,0.0003079931877559689,0.48690663666558326,0.011933161954277103,0.13231456525419505,0.32191042595223035,0.22768637556039903,0.07445119569647053,0.2065203596580365,0.04354681293551588,7.380877159457455e-10,0.20559188632201056,0.036452340582818404
FifaDefenceDifference,0.19823387320271738,0.011708226799128113,0.0017756984795317607,0.09345474486460369,0.15233848817203385,0.0009187866635261051,0.02859389195573755,0.03894698360514783,0.0267150198212925,0.05501499788921071,0.05588019311403908,0.034079591152234655,0.058100742636101904,0.03914436292473448,0.02656868007945047,0.005089526488392348,0.03784332037097669,0.026702597487168706,0.0239367301858849,0.022350825170175056,0.04356054484660889,0.0016212042635304542,0.049894520849959,0.058883382946274085,0.04712806112762494,0.0975876000429398,0.19005654169673045,0.3561951644479785,0.159075441496167,0.36303133547054034,0.0758425002177969,0.012658443272470574,0.028712806015621047,0.03153330101550376,0.016486896607305658,0.031227777203815282,0.00804141423140348,0.006746457568789409,0.2153009028297618,0.02513878548067007,0.04498195075829427,0.015436118559870766,0.012517154840309089,0.0015893159738163574,0.005071190154149253,0.0033900718950685698,0.004972252901364729,0.0005439951458694845,0.0003037312945496891,0.021474900631773083,0.21350803174519484,0.2091645063437805,0.3268120363145592,0.0873986090716028,0.30511484552106477,0.24212293990855838,0.13446431864719047,2.2790694192975636e-09,0.366145359482161,0.055225588746537255
FifaMidfieldDifference,0.191717854164022,0.013967096315062537,0.002714509619504292,0.10561022764634564,0.19622481856772878,0.012433629804600225,0.04788137957377569,0.07045148001222454,0.060844521254121035,0.05705898058376591,0.05285252195178987,0.068248018956973,0.06206594563256994,0.06707761084320069,0.07699816973127445,0.01280479721244576,0.09807541034995645,0.013810887876372382,0.04330582256009142,0.08661369687682614,0.008828428762092111,0.07172565752316332,0.019630733094445848,0.08256153907175133,0.06923703153575908,0.03470477770865908,0.007319780855812238,0.021058475819391395,0.1422339874595065,0.49882374335263974,0.10501270721030383,0.031907627805074806,0.050327594414037224,0.01166591628483362,0.021524462195310276,0.03895955359446307,0.03716436005039054,0.014439647865427119,0.18955766888121653,0.02947019287977476,0.031726270091650174,3.844889597699394e-05,0.037861873230674074,0.00925375181250649,0.011016043055001113,0.0031638076441731647,0.01160855009016557,0.00036032669279548873,0.0008714920966177874,0.2775555606302652,0.23740260613334632,0.18832823686868022,0.07282228952065145,0.40270480978155543,0.15620923265136835,0.03423741684781659,0.36339674826892826,6.159303830854945e-09,0.13439490462528392,0.006912818957968692
HFA,0.004258718549401992,0.008155238390258793,0.02791372443737384,0.09950598559844757,0.007907211948793472,0.12005341182422836,0.14456704051782415,0.30625953370846487,0.583613350088482,0.04161377686957007,0.5649858600821964,0.05096956170055755,0.29347066572193425,0.10689191934331242,0.02383781358489811,0.06077528299905776,0.017699527218218478,0.09730672241628924,0.02969453655386961,0.03340129392943743,0.0418499945902068,0.035755006725283325,0.1947479510025974,0.020436853814514978,0.09780835691080098,0.012522270469544634,0.016523756028022266,0.0787463176638124,0.09198046287104897,0.0031626621590016913,0.010698662832153158,0.009737600095026624,0.09886752596722202,0.01469232098286838,0.04284320886434745,0.040974688379075,0.00960713015024732,0.02167535812240842,0.0006055293666832731,0.009440007741876385,0.013915862057149822,0.014404064968767396,0.005160173082628065,0.03809913417947941,0.006430181179011085,3.9539782252357456e-05,0.0002514418146353477,0.0008129345390651352,0.000520014109682628,4.87890977618477e-19,3.273070833462177e-16,5.865533753146579e-16,1.1582531808662644e-15,1.3024927273883047e-15,3.4033106194319984e-16,1.1975148520373957e-15,7.860465750519907e-17,2.736092602484419e-15,1.5704668468452532e-15,2.647621705209602e-16
HomeElo,0.1489972885115431,0.18531474753423202,0.08594010690810082,0.06982589491179429,0.0021621587643334654,0.0828463881771182,0.0028475774531255566,0.08503317874951453,0.02138697152572368,0.08869006473961209,0.056476606737104314,0.02125520280984241,0.009298568770900776,0.06374120995372909,0.015475402960271828,0.02622584895075563,0.08646468801704542,0.06328867733974372,0.0651757434450996,0.23784770536661712,0.17425157911669065,0.21017836028391557,0.13254699338961962,0.042266721937919964,0.014768451888053409,0.0812536279771096,0.02765923652749034,0.1736248713132383,0.32417305380439987,0.06707751160004123,0.06212127984264229,0.004059005619227854,0.12181577987922872,0.04120804772008279,0.2289768682670093,0.11301748617089324,0.20881612912352226,0.4474277691098299,0.04996433905868309,0.04129321355390782,0.030465987828848858,0.025863175007734978,0.05876852670978936,0.03986112967791417,0.009945162134573771,0.00039054672954548996,0.00035351307324251157,0.0002728166824400081,0.0007677444652526445,0.06205820179442117,0.08113669288665482,0.22743618032154622,0.2007314218131981,0.23231871067628743,0.08457612280552754,0.1700684227425533,0.11806091309417212,2.0010456625030315e-09,0.09726065916691487,0.1740150862849534
AwayElo,0.14159367697229852,0.2037148253304132,0.08809445713295389,0.024568847607191593,0.026357043094967406,0.07629044399668665,0.032374816344633676,0.03353692319395037,0.060028758754490874,0.032939846853668985,0.029932027199951843,0.02395417094362725,0.01752167869839953,0.08021001242478801,0.040559021607105575,0.032360312834911566,0.05290997888987215,0.041620353837882325,0.11789072588632753,0.13660923078763285,0.1514285268272077,0.04754030011824236,0.08293893925377345,0.23155629461870378,0.1835244016878254,0.09320856308600232,0.18318487707351047,0.2990194430227085,0.18573054979489562,0.029362805384456937,0.013257560798433652,0.06651674887834941,0.05979589924774803,0.09910974656020417,0.2010565453990237,0.15825086186831905,0.2638318744710386,0.418616136627084,0.0030264862717367495,0.042654803147127635,0.033925655969217754,0.024812738730441083,0.016881678860808248,0.060870712965446806,0.014982933846136321,0.012043028560455634,0.0014365420662484985,0.000534701316941147,0.00021413029112443807,0.062043082493138724,0.08111692547364027,0.22738076981922434,0.2006825174176945,0.23226211063824873,0.08455551744078771,0.17002698880393866,0.11803214979674483,2.0005596762517897e-09,0.09723696345599919,0.17397269081677802
EloTierHome,0.14696181028596939,0.1851138614740094,0.07807023475497459,0.08000369202263038,0.005809519060237873,0.09062732456862527,0.010607587050297244,0.08411487217292227,0.011662245010680004,0.08425968749455863,0.0611791295573363,0.00034362930523681307,0.036095707835143744,0.03822138964750077,0.011657602494940416,0.032635273986945594,0.13185515133803574,0.06653772665948765,0.0670000333163238,0.22289685039214188,0.16146144316477637,0.16860083587626362,0.09421644799284624,0.006256966649974278,0.018823269130377546,0.07819312424182831,0.009036323347633185,0.2175802264894828,0.3224123972355348,0.060077363030276026,0.0806429705793694,0.03698949885118552,0.06415065458959596,0.19131591468650527,0.4567461300693355,0.31189239216853987,0.18134169065373718,0.4521206468815383,0.06656222265780332,0.02268399238127966,0.028635980117297566,0.012971708217282055,0.04322847330115473,0.02790657243206784,0.0032208316592839963,0.0062310552608949975,0.0011902266293187648,0.0005665304514003353,0.0013048869147491225,5.10182174284779e-15,5.999541141665787e-15,7.424616477180734e-16,1.762479051592436e-15,2.5912431922403556e-15,5.424480309379476e-15,2.884411459680436e-15,8.222589276130066e-16,4.3021142204224816e-15,6.774095173689432e-16,4.891920202254596e-16
EloTierAway,0.1407558405296222,0.20332920529969153,0.0809988309686184,0.0240980994091176,0.037716636940419504,0.07483149830779877,0.04170146054285255,0.04508422126968135,0.060787312830217544,0.04361229380041678,0.03257562855710617,0.020152485864974187,0.01291585272981236,0.0395393048449831,0.024533191954218957,0.0493689591409246,0.017118565209507695,0.03342762378518789,0.09661223061406753,0.1396493027539723,0.09275643729446782,0.06226523256105362,0.12026499775592836,0.17893580606329462,0.14698171772172297,0.09709363800812501,0.20348010417089407,0.3328625181302006,0.1936297274557347,0.08418833137281152,0.012758568231228045,0.038824281492478886,0.01812060736979533,0.12636794682079477,0.449097140515916,0.36178690365781774,0.275973654978461,0.3969509244238618,0.044522422807635846,0.05786376790628672,0.004183505804930987,0.008170077687234954,0.009628796348228708,0.046089844654916626,0.0013865402485352973,0.010359439855839321,0.004808981397027365,0.0027760657397033323,0.0024434326716985815,4.765285388508289e-15,1.0325941490751944e-15,3.191891195797325e-15,2.985459102156085e-15,2.7898690302397e-15,6.366435156834882e-16,2.5413698923060224e-15,5.159067617555024e-15,4.1772141301521515e-15,2.5413698923060224e-15,4.746203430272544e-15
EloDifference,0.20231672303798573,0.012777558272475793,0.0014851462391236338,0.03151700099572265,0.01985367020411101,0.004577896860264047,0.020554553340687832,0.03586293146016445,0.026896392772510238,0.038824897138209,0.060161924322900545,0.0314755739830976,0.01867217393428164,0.10022074572986597,0.039010323948944554,0.04078850921368564,0.09703868589239541,0.07304191159070894,0.12745060335122946,0.26071409451124833,0.2267478953112357,0.11325420766693926,0.15003045641967036,0.19062580868413156,0.1174749433610489,0.12146356478734359,0.10826263400178854,0.08726248662840838,0.09643009712873171,0.02626602364905639,0.05248462238842265,0.0434785270531145,0.04319506785829279,0.0976875553701202,0.29940149391183946,0.18885940887087033,0.0382631332198116,0.020132778122321858,0.036897409291950484,0.0009408493426835418,0.002403238540531233,0.0007356362141471891,0.05267296109055965,0.014618809569558704,0.0035052977821432877,0.008655551912761928,0.0007538777904755045,0.00018226159431884264,0.0006836506832422218,0.08912467396372781,0.11652418360383919,0.32663169142187504,0.2882797439513241,0.33364372066864517,0.12146370910211543,0.24424318285382302,0.16955277599298663,2.873791191126962e-09,0.1396805625542172,0.2499111701832989
