Row Number,Fold,Season,Outcome
1,1,2019,1
2,1,2019,-1
3,1,2019,-1
4,1,2019,-1
5,1,2019,-1
6,1,2019,-1
7,1,2019,1
8,1,2019,-1
9,1,2019,-1
10,1,2019,0
11,1,2019,0
12,1,2019,0
13,1,2019,1
14,1,2019,1
15,1,2019,1
16,1,2019,0
17,1,2019,1
18,1,2019,-1
19,1,2019,1
20,1,2019,0
21,1,2019,1
22,1,2019,0
23,1,2019,1
24,1,2019,-1
25,1,2019,1
26,1,2019,-1
27,1,2019,1
28,1,2019,1
29,1,2019,0
30,1,2019,0
31,1,2019,-1
32,1,2019,1
33,1,2019,1
34,1,2019,-1
35,1,2019,1
36,1,2019,0
37,1,2019,0
38,1,2019,1
39,1,2019,1
40,1,2019,-1
41,1,2019,-1
42,1,2019,0
43,1,2019,0
44,1,2019,1
45,1,2019,1
46,1,2019,1
47,1,2019,1
48,1,2019,-1
49,1,2019,1
50,1,2019,0
51,1,2019,1
52,1,2019,1
53,1,2019,1
54,1,2019,-1
55,1,2019,0
56,1,2019,-1
57,1,2019,1
58,1,2019,-1
59,1,2019,-1
60,1,2019,1
61,1,2019,1
62,1,2019,1
63,1,2019,0
64,1,2019,1
65,1,2019,1
66,1,2019,0
67,1,2019,0
68,1,2019,-1
69,1,2019,0
70,1,2019,1
71,1,2019,-1
72,1,2019,1
73,1,2019,1
74,1,2019,0
75,1,2019,0
76,1,2019,-1
77,1,2019,0
78,1,2019,0
79,1,2019,1
80,1,2019,-1
81,1,2019,1
82,1,2019,0
83,1,2019,-1
84,1,2019,1
85,1,2019,1
86,1,2019,1
87,1,2019,-1
88,1,2019,-1
89,1,2019,-1
90,1,2019,0
91,1,2019,-1
92,1,2019,1
93,1,2019,1
94,1,2019,1
95,1,2019,-1
96,1,2019,0
97,1,2019,1
98,1,2019,1
99,1,2019,1
100,1,2019,1
101,1,2019,-1
102,1,2019,0
103,1,2019,-1
104,1,2019,-1
105,1,2019,-1
106,1,2019,-1
107,1,2019,-1
108,1,2019,1
109,1,2019,0
110,1,2019,1
111,1,2019,0
112,1,2019,-1
113,1,2019,-1
114,1,2019,1
115,1,2019,1
116,1,2019,1
117,1,2019,0
118,1,2019,0
119,1,2019,1
120,1,2019,0
121,1,2019,1
122,1,2019,-1
123,1,2019,1
124,1,2019,1
125,1,2019,1
126,1,2019,1
127,1,2019,1
128,1,2019,1
129,1,2019,-1
130,1,2019,-1
131,1,2019,1
132,1,2019,-1
133,1,2019,1
134,1,2019,0
135,1,2019,-1
136,1,2019,-1
137,1,2019,1
138,1,2019,-1
139,1,2019,0
140,1,2019,-1
141,1,2019,1
142,1,2019,1
143,1,2019,-1
144,1,2019,0
145,1,2019,1
146,1,2019,-1
147,1,2019,0
148,1,2019,-1
149,1,2019,-1
150,1,2019,0
151,1,2019,0
152,1,2019,-1
153,1,2019,-1
154,1,2019,-1
155,1,2019,1
156,1,2019,-1
157,1,2019,1
158,1,2019,1
159,1,2019,-1
160,1,2019,1
161,1,2019,1
162,1,2019,0
163,1,2019,-1
164,1,2019,1
165,1,2019,1
166,1,2019,0
167,1,2019,1
168,1,2019,-1
169,1,2019,1
170,1,2019,1
171,1,2019,-1
172,1,2019,0
173,1,2019,1
174,1,2019,0
175,1,2019,-1
176,1,2019,-1
177,1,2019,-1
178,1,2019,1
179,1,2019,1
180,1,2019,0
181,1,2019,-1
182,1,2019,-1
183,1,2019,1
184,1,2019,1
185,1,2019,1
186,1,2019,0
187,1,2019,1
188,1,2019,1
189,1,2019,1
190,1,2019,1
191,1,2019,0
192,1,2019,1
193,1,2019,1
194,1,2019,-1
195,1,2019,1
196,1,2019,0
197,1,2019,-1
198,1,2019,-1
199,1,2019,-1
200,1,2019,0
201,1,2019,0
202,1,2019,0
203,1,2019,0
204,1,2019,1
205,1,2019,-1
206,1,2019,0
207,1,2019,1
208,1,2019,1
209,1,2019,1
210,1,2019,1
211,1,2019,1
212,1,2019,-1
213,1,2019,0
214,1,2019,-1
215,1,2019,0
216,1,2019,1
217,1,2019,1
218,1,2019,-1
219,1,2019,-1
220,1,2019,-1
221,1,2019,0
222,1,2019,1
223,1,2019,-1
224,1,2019,1
225,1,2019,0
226,1,2019,-1
227,1,2019,0
228,1,2019,0
229,1,2019,0
230,1,2019,1
231,1,2019,1
232,1,2019,0
233,1,2019,1
234,1,2019,0
235,1,2019,-1
236,1,2019,-1
237,1,2019,-1
238,1,2019,1
239,1,2019,-1
240,1,2019,1
241,1,2019,1
242,1,2019,1
243,1,2019,1
244,1,2019,0
245,1,2019,1
246,1,2019,-1
247,1,2019,1
248,1,2019,1
249,1,2019,1
250,1,2019,1
251,1,2019,1
252,1,2019,-1
253,1,2019,0
254,1,2019,0
255,1,2019,1
256,1,2019,1
257,1,2019,0
258,1,2019,-1
259,1,2019,1
260,1,2019,1
261,1,2019,1
262,1,2019,1
263,1,2019,-1
264,1,2019,0
265,1,2019,0
266,1,2019,1
267,1,2019,1
268,1,2019,1
269,1,2019,0
270,1,2019,1
271,1,2019,-1
272,1,2019,0
273,1,2019,0
274,1,2019,1
275,1,2019,-1
276,1,2019,-1
277,1,2019,1
278,1,2019,-1
279,1,2019,0
280,1,2019,1
281,1,2019,0
282,1,2019,1
283,1,2019,1
284,1,2019,0
285,1,2019,-1
286,1,2019,1
287,1,2019,1
288,1,2019,1
289,1,2019,-1
290,1,2019,1
291,1,2019,-1
292,1,2019,-1
293,1,2019,-1
294,1,2019,-1
295,1,2019,1
296,1,2019,-1
297,1,2019,1
298,1,2019,1
299,1,2019,1
300,1,2019,1
301,1,2019,-1
302,1,2019,1
303,1,2019,1
304,1,2019,-1
305,1,2019,1
306,1,2019,0
307,1,2019,0
308,1,2019,1
309,1,2019,1
310,1,2019,1
311,1,2019,-1
312,1,2019,1
313,1,2019,0
314,1,2019,1
315,1,2019,1
316,1,2019,-1
317,1,2019,-1
318,1,2019,0
319,1,2019,0
320,1,2019,-1
321,1,2019,-1
322,1,2019,1
323,1,2019,0
324,1,2019,1
325,1,2019,-1
326,1,2019,1
327,1,2019,1
328,1,2019,1
329,1,2019,1
330,1,2019,0
331,1,2019,1
332,1,2019,0
333,1,2019,1
334,1,2019,-1
335,1,2019,1
336,1,2019,0
337,1,2019,1
338,1,2019,-1
339,1,2019,0
340,1,2019,1
341,1,2019,-1
342,1,2019,-1
343,1,2019,1
344,1,2019,0
345,1,2019,-1
346,1,2019,1
347,1,2019,-1
348,1,2019,1
349,1,2019,0
350,1,2019,1
351,1,2019,1
352,1,2019,-1
353,1,2019,1
354,1,2019,0
355,1,2019,-1
356,1,2019,-1
357,1,2019,1
358,1,2019,-1
359,1,2019,1
360,1,2019,0
361,2,2020,1
362,2,2020,-1
363,2,2020,-1
364,2,2020,-1
365,2,2020,-1
366,2,2020,-1
367,2,2020,1
368,2,2020,-1
369,2,2020,-1
370,2,2020,-1
371,2,2020,1
372,2,2020,1
373,2,2020,-1
374,2,2020,-1
375,2,2020,-1
376,2,2020,0
377,2,2020,-1
378,2,2020,-1
379,2,2020,0
380,2,2020,-1
381,2,2020,1
382,2,2020,-1
383,2,2020,1
384,2,2020,1
385,2,2020,1
386,2,2020,0
387,2,2020,1
388,2,2020,-1
389,2,2020,1
390,2,2020,1
391,2,2020,1
392,2,2020,-1
393,2,2020,1
394,2,2020,0
395,2,2020,0
396,2,2020,1
397,2,2020,-1
398,2,2020,0
399,2,2020,0
400,2,2020,0
401,2,2020,-1
402,2,2020,0
403,2,2020,-1
404,2,2020,-1
405,2,2020,0
406,2,2020,-1
407,2,2020,0
408,2,2020,1
409,2,2020,1
410,2,2020,0
411,2,2020,-1
412,2,2020,0
413,2,2020,-1
414,2,2020,1
415,2,2020,-1
416,2,2020,-1
417,2,2020,1
418,2,2020,-1
419,2,2020,1
420,2,2020,-1
421,2,2020,1
422,2,2020,1
423,2,2020,-1
424,2,2020,0
425,2,2020,1
426,2,2020,-1
427,2,2020,1
428,2,2020,1
429,2,2020,1
430,2,2020,-1
431,2,2020,1
432,2,2020,0
433,2,2020,-1
434,2,2020,-1
435,2,2020,-1
436,2,2020,1
437,2,2020,1
438,2,2020,-1
439,2,2020,-1
440,2,2020,0
441,2,2020,1
442,2,2020,1
443,2,2020,0
444,2,2020,-1
445,2,2020,0
446,2,2020,1
447,2,2020,-1
448,2,2020,1
449,2,2020,-1
450,2,2020,0
451,2,2020,-1
452,2,2020,-1
453,2,2020,1
454,2,2020,0
455,2,2020,1
456,2,2020,-1
457,2,2020,1
458,2,2020,-1
459,2,2020,-1
460,2,2020,1
461,2,2020,1
462,2,2020,-1
463,2,2020,-1
464,2,2020,-1
465,2,2020,1
466,2,2020,0
467,2,2020,1
468,2,2020,1
469,2,2020,0
470,2,2020,0
471,2,2020,-1
472,2,2020,1
473,2,2020,1
474,2,2020,0
475,2,2020,0
476,2,2020,1
477,2,2020,-1
478,2,2020,0
479,2,2020,1
480,2,2020,0
481,2,2020,0
482,2,2020,-1
483,2,2020,-1
484,2,2020,-1
485,2,2020,1
486,2,2020,0
487,2,2020,0
488,2,2020,-1
489,2,2020,1
490,2,2020,-1
491,2,2020,1
492,2,2020,1
493,2,2020,0
494,2,2020,1
495,2,2020,0
496,2,2020,1
497,2,2020,1
498,2,2020,-1
499,2,2020,1
500,2,2020,0
501,2,2020,0
502,2,2020,0
503,2,2020,0
504,2,2020,0
505,2,2020,-1
506,2,2020,1
507,2,2020,0
508,2,2020,-1
509,2,2020,1
510,2,2020,0
511,2,2020,-1
512,2,2020,1
513,2,2020,1
514,2,2020,1
515,2,2020,0
516,2,2020,-1
517,2,2020,-1
518,2,2020,-1
519,2,2020,1
520,2,2020,1
521,2,2020,-1
522,2,2020,-1
523,2,2020,1
524,2,2020,0
525,2,2020,0
526,2,2020,-1
527,2,2020,-1
528,2,2020,1
529,2,2020,-1
530,2,2020,1
531,2,2020,-1
532,2,2020,0
533,2,2020,1
534,2,2020,1
535,2,2020,1
536,2,2020,1
537,2,2020,1
538,2,2020,-1
539,2,2020,-1
540,2,2020,1
541,2,2020,-1
542,2,2020,-1
543,2,2020,-1
544,2,2020,-1
545,2,2020,1
546,2,2020,0
547,2,2020,0
548,2,2020,0
549,2,2020,-1
550,2,2020,-1
551,2,2020,-1
552,2,2020,1
553,2,2020,1
554,2,2020,0
555,2,2020,0
556,2,2020,-1
557,2,2020,1
558,2,2020,-1
559,2,2020,-1
560,2,2020,1
561,2,2020,1
562,2,2020,1
563,2,2020,1
564,2,2020,-1
565,2,2020,-1
566,2,2020,-1
567,2,2020,-1
568,2,2020,-1
569,2,2020,-1
570,2,2020,-1
571,2,2020,1
572,2,2020,0
573,2,2020,1
574,2,2020,0
575,2,2020,0
576,2,2020,1
577,2,2020,0
578,2,2020,-1
579,2,2020,-1
580,2,2020,1
581,2,2020,1
582,2,2020,-1
583,2,2020,1
584,2,2020,0
585,2,2020,-1
586,2,2020,0
587,2,2020,1
588,2,2020,-1
589,2,2020,1
590,2,2020,1
591,2,2020,0
592,2,2020,-1
593,2,2020,1
594,2,2020,0
595,2,2020,0
596,2,2020,-1
597,2,2020,1
598,2,2020,1
599,2,2020,-1
600,2,2020,-1
601,2,2020,1
602,2,2020,-1
603,2,2020,1
604,2,2020,1
605,2,2020,1
606,2,2020,-1
607,2,2020,0
608,2,2020,0
609,2,2020,-1
610,2,2020,1
611,2,2020,0
612,2,2020,-1
613,2,2020,1
614,2,2020,1
615,2,2020,0
616,2,2020,1
617,2,2020,0
618,2,2020,-1
619,2,2020,-1
620,2,2020,-1
621,2,2020,0
622,2,2020,-1
623,2,2020,0
624,2,2020,-1
625,2,2020,0
626,2,2020,-1
627,2,2020,-1
628,2,2020,1
629,2,2020,1
630,2,2020,1
631,2,2020,1
632,2,2020,0
633,2,2020,0
634,2,2020,1
635,2,2020,-1
636,2,2020,-1
637,2,2020,-1
638,2,2020,1
639,2,2020,1
640,2,2020,1
641,2,2020,-1
642,2,2020,-1
643,2,2020,1
644,2,2020,0
645,2,2020,-1
646,2,2020,-1
647,2,2020,1
648,2,2020,-1
649,2,2020,-1
650,2,2020,1
651,2,2020,0
652,2,2020,1
653,2,2020,1
654,2,2020,0
655,2,2020,-1
656,2,2020,-1
657,2,2020,-1
658,2,2020,1
659,2,2020,-1
660,2,2020,-1
661,2,2020,1
662,2,2020,-1
663,2,2020,-1
664,2,2020,1
665,2,2020,0
666,2,2020,0
667,2,2020,1
668,2,2020,1
669,2,2020,0
670,2,2020,1
671,2,2020,0
672,2,2020,0
673,2,2020,1
674,2,2020,-1
675,2,2020,1
676,2,2020,-1
677,2,2020,0
678,2,2020,-1
679,2,2020,1
680,2,2020,-1
681,2,2020,0
682,2,2020,0
683,2,2020,1
684,2,2020,0
685,2,2020,-1
686,2,2020,1
687,2,2020,1
688,2,2020,-1
689,2,2020,-1
690,2,2020,1
691,2,2020,0
692,2,2020,-1
693,2,2020,-1
694,2,2020,1
695,2,2020,-1
696,2,2020,-1
697,2,2020,1
698,2,2020,1
699,2,2020,-1
700,2,2020,-1
701,2,2020,1
702,2,2020,-1
703,2,2020,-1
704,2,2020,1
705,2,2020,-1
706,2,2020,0
707,2,2020,-1
708,2,2020,-1
709,2,2020,-1
710,2,2020,1
711,2,2020,0
712,2,2020,1
713,2,2020,1
714,2,2020,-1
715,2,2020,-1
716,2,2020,0
717,2,2020,-1
718,2,2020,1
719,2,2020,1
720,2,2020,1
721,2,2020,1
722,2,2020,-1
723,2,2020,-1
724,2,2020,-1
725,2,2020,-1
726,2,2020,1
727,2,2020,1
728,2,2020,-1
729,2,2020,1
730,2,2020,-1
731,2,2020,1
732,2,2020,1
733,2,2020,1
734,2,2020,1
735,2,2020,-1
736,3,2021,1
737,3,2021,-1
738,3,2021,1
739,3,2021,1
740,3,2021,1
741,3,2021,1
742,3,2021,-1
743,3,2021,-1
744,3,2021,1
745,3,2021,1
746,3,2021,1
747,3,2021,0
748,3,2021,1
749,3,2021,1
750,3,2021,0
751,3,2021,-1
752,3,2021,-1
753,3,2021,1
754,3,2021,1
755,3,2021,0
756,3,2021,-1
757,3,2021,0
758,3,2021,-1
759,3,2021,0
760,3,2021,0
761,3,2021,0
762,3,2021,1
763,3,2021,-1
764,3,2021,1
765,3,2021,1
766,3,2021,-1
767,3,2021,-1
768,3,2021,1
769,3,2021,0
770,3,2021,-1
771,3,2021,1
772,3,2021,-1
773,3,2021,1
774,3,2021,0
775,3,2021,-1
776,3,2021,-1
777,3,2021,1
778,3,2021,0
779,3,2021,-1
780,3,2021,1
781,3,2021,1
782,3,2021,-1
783,3,2021,-1
784,3,2021,-1
785,3,2021,-1
786,3,2021,1
787,3,2021,-1
788,3,2021,0
789,3,2021,0
790,3,2021,0
791,3,2021,-1
792,3,2021,1
793,3,2021,0
794,3,2021,0
795,3,2021,0
796,3,2021,1
797,3,2021,1
798,3,2021,1
799,3,2021,0
800,3,2021,0
801,3,2021,1
802,3,2021,-1
803,3,2021,0
804,3,2021,-1
805,3,2021,-1
806,3,2021,1
807,3,2021,1
808,3,2021,0
809,3,2021,1
810,3,2021,-1
811,3,2021,-1
812,3,2021,-1
813,3,2021,0
814,3,2021,1
815,3,2021,1
816,3,2021,0
817,3,2021,-1
818,3,2021,0
819,3,2021,0
820,3,2021,-1
821,3,2021,-1
822,3,2021,1
823,3,2021,-1
824,3,2021,-1
825,3,2021,1
826,3,2021,0
827,3,2021,-1
828,3,2021,-1
829,3,2021,-1
830,3,2021,-1
831,3,2021,-1
832,3,2021,-1
833,3,2021,1
834,3,2021,1
835,3,2021,-1
836,3,2021,-1
837,3,2021,0
838,3,2021,1
839,3,2021,0
840,3,2021,1
841,3,2021,0
842,3,2021,0
843,3,2021,1
844,3,2021,-1
845,3,2021,1
846,3,2021,0
847,3,2021,0
848,3,2021,1
849,3,2021,1
850,3,2021,1
851,3,2021,1
852,3,2021,1
853,3,2021,1
854,3,2021,1
855,3,2021,-1
856,3,2021,1
857,3,2021,0
858,3,2021,0
859,3,2021,1
860,3,2021,1
861,3,2021,1
862,3,2021,0
863,3,2021,0
864,3,2021,1
865,3,2021,0
866,3,2021,-1
867,3,2021,0
868,3,2021,0
869,3,2021,-1
870,3,2021,-1
871,3,2021,1
872,3,2021,1
873,3,2021,1
874,3,2021,1
875,3,2021,0
876,3,2021,-1
877,3,2021,-1
878,3,2021,0
879,3,2021,1
880,3,2021,1
881,3,2021,1
882,3,2021,1
883,3,2021,1
884,3,2021,1
885,3,2021,1
886,3,2021,1
887,3,2021,1
888,3,2021,-1
889,3,2021,0
890,3,2021,1
891,3,2021,1
892,3,2021,-1
893,3,2021,1
894,3,2021,-1
895,3,2021,0
896,3,2021,1
897,3,2021,0
898,3,2021,1
899,3,2021,-1
900,3,2021,-1
901,3,2021,0
902,3,2021,0
903,3,2021,1
904,3,2021,-1
905,3,2021,1
906,3,2021,-1
907,3,2021,-1
908,3,2021,1
909,3,2021,0
910,3,2021,1
911,3,2021,0
912,3,2021,-1
913,3,2021,1
914,3,2021,0
915,3,2021,-1
916,3,2021,1
917,3,2021,-1
918,3,2021,-1
919,3,2021,-1
920,3,2021,1
921,3,2021,-1
922,3,2021,1
923,3,2021,0
924,3,2021,-1
925,3,2021,1
926,3,2021,1
927,3,2021,0
928,3,2021,1
929,3,2021,0
930,3,2021,1
931,3,2021,1
932,3,2021,0
933,3,2021,1
934,3,2021,-1
935,3,2021,0
936,3,2021,-1
937,3,2021,-1
938,3,2021,-1
939,3,2021,-1
940,3,2021,-1
941,3,2021,-1
942,3,2021,1
943,3,2021,0
944,3,2021,0
945,3,2021,-1
946,3,2021,0
947,3,2021,1
948,3,2021,0
949,3,2021,1
950,3,2021,1
951,3,2021,0
952,3,2021,1
953,3,2021,0
954,3,2021,-1
955,3,2021,0
956,3,2021,1
957,3,2021,-1
958,3,2021,0
959,3,2021,0
960,3,2021,1
961,3,2021,-1
962,3,2021,-1
963,3,2021,-1
964,3,2021,1
965,3,2021,-1
966,3,2021,0
967,3,2021,1
968,3,2021,0
969,3,2021,1
970,3,2021,-1
971,3,2021,-1
972,3,2021,-1
973,3,2021,1
974,3,2021,1
975,3,2021,-1
976,3,2021,-1
977,3,2021,1
978,3,2021,1
979,3,2021,-1
980,3,2021,1
981,3,2021,1
982,3,2021,1
983,3,2021,-1
984,3,2021,-1
985,3,2021,0
986,3,2021,0
987,3,2021,-1
988,3,2021,-1
989,3,2021,1
990,3,2021,-1
991,3,2021,1
992,3,2021,1
993,3,2021,-1
994,3,2021,1
995,3,2021,-1
996,3,2021,-1
997,3,2021,1
998,3,2021,-1
999,3,2021,1
1000,3,2021,1
1001,3,2021,-1
1002,3,2021,-1
1003,3,2021,1
1004,3,2021,-1
1005,3,2021,-1
1006,3,2021,1
1007,3,2021,1
1008,3,2021,1
1009,3,2021,-1
1010,3,2021,1
1011,3,2021,-1
1012,3,2021,1
1013,3,2021,1
1014,3,2021,0
1015,3,2021,-1
1016,3,2021,-1
1017,3,2021,1
1018,3,2021,-1
1019,3,2021,-1
1020,3,2021,1
1021,3,2021,1
1022,3,2021,1
1023,3,2021,0
1024,3,2021,-1
1025,3,2021,-1
1026,3,2021,0
1027,3,2021,1
1028,3,2021,0
1029,3,2021,1
1030,3,2021,1
1031,3,2021,1
1032,3,2021,1
1033,3,2021,1
1034,3,2021,1
1035,3,2021,-1
1036,3,2021,-1
1037,3,2021,-1
1038,3,2021,-1
1039,3,2021,1
1040,3,2021,1
1041,3,2021,1
1042,3,2021,0
1043,3,2021,-1
1044,3,2021,1
1045,3,2021,1
1046,3,2021,-1
1047,3,2021,1
1048,3,2021,0
1049,3,2021,1
1050,3,2021,-1
1051,3,2021,0
1052,3,2021,1
1053,3,2021,1
1054,3,2021,1
1055,3,2021,1
1056,3,2021,0
1057,3,2021,1
1058,3,2021,-1
1059,3,2021,0
1060,3,2021,0
1061,3,2021,1
1062,3,2021,1
1063,3,2021,1
1064,3,2021,0
1065,3,2021,0
1066,3,2021,-1
1067,3,2021,1
1068,3,2021,-1
1069,3,2021,-1
1070,3,2021,-1
1071,3,2021,-1
1072,3,2021,1
1073,3,2021,1
1074,3,2021,-1
1075,3,2021,1
1076,3,2021,1
1077,3,2021,-1
1078,3,2021,0
1079,3,2021,1
1080,3,2021,1
1081,3,2021,0
1082,3,2021,1
1083,3,2021,-1
1084,3,2021,-1
1085,3,2021,1
1086,3,2021,-1
1087,3,2021,-1
1088,3,2021,1
1089,3,2021,0
1090,3,2021,-1
1091,3,2021,1
1092,3,2021,1
1093,3,2021,0
1094,3,2021,0
1095,3,2021,-1
1096,3,2021,0
1097,3,2021,0
1098,3,2021,-1
1099,3,2021,1
1100,3,2021,-1
1101,3,2021,1
1102,3,2021,0
1103,3,2021,0
1104,3,2021,1
1105,3,2021,-1
1106,3,2021,1
1107,3,2021,-1
1108,3,2021,1
1109,3,2021,1
1110,3,2021,1
1111,3,2021,1
1112,3,2021,1
1113,3,2021,-1
1114,4,2022,-1
1115,4,2022,0
1116,4,2022,1
1117,4,2022,1
1118,4,2022,1
1119,4,2022,-1
1120,4,2022,0
1121,4,2022,-1
1122,4,2022,-1
1123,4,2022,1
1124,4,2022,1
1125,4,2022,0
1126,4,2022,1
1127,4,2022,0
1128,4,2022,0
1129,4,2022,1
1130,4,2022,0
1131,4,2022,0
1132,4,2022,1
1133,4,2022,1
1134,4,2022,0
1135,4,2022,1
1136,4,2022,-1
1137,4,2022,-1
1138,4,2022,1
1139,4,2022,-1
1140,4,2022,0
1141,4,2022,1
1142,4,2022,-1
1143,4,2022,0
1144,4,2022,1
1145,4,2022,1
1146,4,2022,1
1147,4,2022,1
1148,4,2022,1
1149,4,2022,-1
1150,4,2022,0
1151,4,2022,-1
1152,4,2022,0
1153,4,2022,1
1154,4,2022,1
1155,4,2022,0
1156,4,2022,1
1157,4,2022,0
1158,4,2022,1
1159,4,2022,0
1160,4,2022,1
1161,4,2022,-1
1162,4,2022,0
1163,4,2022,1
1164,4,2022,1
1165,4,2022,0
1166,4,2022,-1
1167,4,2022,1
1168,4,2022,1
1169,4,2022,0
1170,4,2022,1
1171,4,2022,1
1172,4,2022,1
1173,4,2022,-1
1174,4,2022,-1
1175,4,2022,0
1176,4,2022,1
1177,4,2022,-1
1178,4,2022,1
1179,4,2022,1
1180,4,2022,0
1181,4,2022,-1
1182,4,2022,-1
1183,4,2022,0
1184,4,2022,-1
1185,4,2022,1
1186,4,2022,1
1187,4,2022,0
1188,4,2022,1
1189,4,2022,1
1190,4,2022,1
1191,4,2022,1
1192,4,2022,1
1193,4,2022,-1
1194,4,2022,1
1195,4,2022,1
1196,4,2022,1
1197,4,2022,-1
1198,4,2022,0
1199,4,2022,1
1200,4,2022,0
1201,4,2022,0
1202,4,2022,1
1203,4,2022,1
1204,4,2022,-1
1205,4,2022,-1
1206,4,2022,0
1207,4,2022,0
1208,4,2022,1
1209,4,2022,0
1210,4,2022,1
1211,4,2022,-1
1212,4,2022,0
1213,4,2022,1
1214,4,2022,1
1215,4,2022,1
1216,4,2022,1
1217,4,2022,1
1218,4,2022,1
1219,4,2022,1
1220,4,2022,1
1221,4,2022,0
1222,4,2022,1
1223,4,2022,-1
1224,4,2022,0
1225,4,2022,-1
1226,4,2022,-1
1227,4,2022,1
1228,4,2022,-1
1229,4,2022,-1
1230,4,2022,0
1231,4,2022,1
1232,4,2022,1
1233,4,2022,1
1234,4,2022,0
1235,4,2022,-1
1236,4,2022,1
1237,4,2022,1
1238,4,2022,1
1239,4,2022,1
1240,4,2022,0
1241,4,2022,-1
1242,4,2022,-1
1243,4,2022,-1
1244,4,2022,1
1245,4,2022,-1
1246,4,2022,-1
1247,4,2022,-1
1248,4,2022,-1
1249,4,2022,1
1250,4,2022,1
1251,4,2022,1
1252,4,2022,1
1253,4,2022,-1
1254,4,2022,1
1255,4,2022,-1
1256,4,2022,-1
1257,4,2022,-1
1258,4,2022,0
1259,4,2022,-1
1260,4,2022,-1
1261,4,2022,-1
1262,4,2022,-1
1263,4,2022,-1
1264,4,2022,1
1265,4,2022,1
1266,4,2022,1
1267,4,2022,-1
1268,4,2022,-1
1269,4,2022,1
1270,4,2022,-1
1271,4,2022,-1
1272,4,2022,1
1273,4,2022,0
1274,4,2022,0
1275,4,2022,-1
1276,4,2022,-1
1277,4,2022,0
1278,4,2022,1
1279,4,2022,0
1280,4,2022,-1
1281,4,2022,-1
1282,4,2022,1
1283,4,2022,-1
1284,4,2022,0
1285,4,2022,0
1286,4,2022,-1
1287,4,2022,-1
1288,4,2022,1
1289,4,2022,1
1290,4,2022,1
1291,4,2022,1
1292,4,2022,-1
1293,4,2022,1
1294,4,2022,1
1295,4,2022,1
1296,4,2022,1
1297,4,2022,1
1298,4,2022,-1
1299,4,2022,0
1300,4,2022,1
1301,4,2022,0
1302,4,2022,0
1303,4,2022,0
1304,4,2022,-1
1305,4,2022,1
1306,4,2022,0
1307,4,2022,0
1308,4,2022,1
1309,4,2022,1
1310,4,2022,-1
1311,4,2022,0
1312,4,2022,1
1313,4,2022,-1
1314,4,2022,1
1315,4,2022,1
1316,4,2022,1
1317,4,2022,1
1318,4,2022,0
1319,4,2022,1
1320,4,2022,1
1321,4,2022,0
1322,4,2022,0
1323,4,2022,0
1324,4,2022,0
1325,4,2022,1
1326,4,2022,1
1327,4,2022,-1
1328,4,2022,0
1329,4,2022,-1
1330,4,2022,1
1331,4,2022,1
1332,4,2022,-1
1333,4,2022,-1
1334,4,2022,0
1335,4,2022,-1
1336,4,2022,-1
1337,4,2022,1
1338,4,2022,0
1339,4,2022,-1
1340,4,2022,-1
1341,4,2022,1
1342,4,2022,1
1343,4,2022,0
1344,4,2022,-1
1345,4,2022,1
1346,4,2022,-1
1347,4,2022,1
1348,4,2022,-1
1349,4,2022,0
1350,4,2022,1
1351,4,2022,1
1352,4,2022,1
1353,4,2022,1
1354,4,2022,1
1355,4,2022,1
1356,4,2022,1
1357,4,2022,1
1358,4,2022,1
1359,4,2022,1
1360,4,2022,0
1361,4,2022,1
1362,4,2022,1
1363,4,2022,1
1364,4,2022,1
1365,4,2022,0
1366,4,2022,-1
1367,4,2022,1
1368,4,2022,-1
1369,4,2022,-1
1370,4,2022,0
1371,4,2022,0
1372,4,2022,1
1373,4,2022,1
1374,4,2022,-1
1375,4,2022,-1
1376,4,2022,1
1377,4,2022,0
1378,4,2022,0
1379,4,2022,-1
1380,4,2022,0
1381,4,2022,1
1382,4,2022,1
1383,4,2022,1
1384,4,2022,1
1385,4,2022,0
1386,4,2022,1
1387,4,2022,0
1388,4,2022,-1
1389,4,2022,1
1390,4,2022,1
1391,4,2022,0
1392,4,2022,-1
1393,4,2022,1
1394,4,2022,-1
1395,4,2022,0
1396,4,2022,1
1397,4,2022,-1
1398,4,2022,1
1399,4,2022,1
1400,4,2022,-1
1401,4,2022,-1
1402,4,2022,-1
1403,4,2022,1
1404,4,2022,1
1405,4,2022,-1
1406,4,2022,-1
1407,4,2022,0
1408,4,2022,1
1409,4,2022,-1
1410,4,2022,-1
1411,4,2022,-1
1412,4,2022,-1
1413,4,2022,1
1414,4,2022,1
1415,4,2022,0
1416,4,2022,-1
1417,4,2022,-1
1418,4,2022,0
1419,4,2022,1
1420,4,2022,0
1421,4,2022,0
1422,4,2022,1
1423,4,2022,1
1424,4,2022,-1
1425,4,2022,1
1426,4,2022,1
1427,4,2022,1
1428,4,2022,0
1429,4,2022,1
1430,4,2022,-1
1431,4,2022,-1
1432,4,2022,1
1433,4,2022,-1
1434,4,2022,-1
1435,4,2022,0
1436,4,2022,1
1437,4,2022,1
1438,4,2022,1
1439,4,2022,1
1440,4,2022,-1
1441,4,2022,1
1442,4,2022,1
1443,4,2022,1
1444,4,2022,0
1445,4,2022,1
1446,4,2022,1
1447,4,2022,1
1448,4,2022,1
1449,4,2022,-1
1450,4,2022,1
1451,4,2022,1
1452,4,2022,1
1453,4,2022,1
1454,4,2022,-1
1455,4,2022,1
1456,4,2022,1
1457,4,2022,-1
1458,4,2022,1
1459,4,2022,0
1460,4,2022,1
1461,4,2022,0
1462,4,2022,1
1463,4,2022,1
1464,4,2022,-1
1465,4,2022,1
1466,4,2022,-1
1467,4,2022,-1
1468,4,2022,-1
1469,4,2022,1
1470,4,2022,-1
1471,4,2022,-1
1472,4,2022,0
1473,4,2022,0
1474,4,2022,0
1475,4,2022,1
1476,4,2022,1
1477,4,2022,1
1478,4,2022,1
1479,4,2022,0
1480,4,2022,0
1481,4,2022,1
1482,4,2022,1
1483,4,2022,1
1484,4,2022,1
1485,4,2022,0
1486,4,2022,0
1487,4,2022,1
1488,4,2022,-1
1489,4,2022,1
1490,4,2022,1
1491,4,2022,0
